control_date,candidate_universe_id,candidate_symbol_count,source_family,required_variable_anchors,required_output,status,blocking_reason
2011-04-19,retrospective-samplefirms:2011-04-19,35,CRSP,lnMCAP|Beta_SPY|invPRC,point-in-time source coverage receipt plus required covariate facts,EXTERNAL_DATA_REQUIRED,AUTHORIZED_POINT_IN_TIME_SOURCE_NOT_LOADED
2011-04-19,retrospective-samplefirms:2011-04-19,35,IBES,lnnumest,point-in-time source coverage receipt plus required covariate facts,EXTERNAL_DATA_REQUIRED,AUTHORIZED_POINT_IN_TIME_SOURCE_NOT_LOADED
2011-04-19,retrospective-samplefirms:2011-04-19,35,TAQ,,point-in-time source coverage receipt plus required covariate facts,EXTERNAL_DATA_REQUIRED,AUTHORIZED_POINT_IN_TIME_SOURCE_NOT_LOADED
2011-04-19,retrospective-samplefirms:2011-04-19,35,RAVENPACK,ln_Story_Count_Relevant,point-in-time source coverage receipt plus required covariate facts,EXTERNAL_DATA_REQUIRED,AUTHORIZED_POINT_IN_TIME_SOURCE_NOT_LOADED
2011-04-19,retrospective-samplefirms:2011-04-19,35,MARKIT,DCBS,point-in-time source coverage receipt plus required covariate facts,EXTERNAL_DATA_REQUIRED,AUTHORIZED_POINT_IN_TIME_SOURCE_NOT_LOADED
2011-04-19,retrospective-samplefirms:2011-04-19,35,OPTIONMETRICS,,point-in-time source coverage receipt plus required covariate facts,EXTERNAL_DATA_REQUIRED,AUTHORIZED_POINT_IN_TIME_SOURCE_NOT_LOADED
2011-04-19,retrospective-samplefirms:2011-04-19,35,THOMSON_REUTERS_13F,IO,point-in-time source coverage receipt plus required covariate facts,EXTERNAL_DATA_REQUIRED,AUTHORIZED_POINT_IN_TIME_SOURCE_NOT_LOADED
2011-04-20,retrospective-samplefirms:2011-04-20,75,CRSP,lnMCAP|Beta_SPY|invPRC,point-in-time source coverage receipt plus required covariate facts,EXTERNAL_DATA_REQUIRED,AUTHORIZED_POINT_IN_TIME_SOURCE_NOT_LOADED
2011-04-20,retrospective-samplefirms:2011-04-20,75,IBES,lnnumest,point-in-time source coverage receipt plus required covariate facts,EXTERNAL_DATA_REQUIRED,AUTHORIZED_POINT_IN_TIME_SOURCE_NOT_LOADED
2011-04-20,retrospective-samplefirms:2011-04-20,75,TAQ,,point-in-time source coverage receipt plus required covariate facts,EXTERNAL_DATA_REQUIRED,AUTHORIZED_POINT_IN_TIME_SOURCE_NOT_LOADED
2011-04-20,retrospective-samplefirms:2011-04-20,75,RAVENPACK,ln_Story_Count_Relevant,point-in-time source coverage receipt plus required covariate facts,EXTERNAL_DATA_REQUIRED,AUTHORIZED_POINT_IN_TIME_SOURCE_NOT_LOADED
2011-04-20,retrospective-samplefirms:2011-04-20,75,MARKIT,DCBS,point-in-time source coverage receipt plus required covariate facts,EXTERNAL_DATA_REQUIRED,AUTHORIZED_POINT_IN_TIME_SOURCE_NOT_LOADED
2011-04-20,retrospective-samplefirms:2011-04-20,75,OPTIONMETRICS,,point-in-time source coverage receipt plus required covariate facts,EXTERNAL_DATA_REQUIRED,AUTHORIZED_POINT_IN_TIME_SOURCE_NOT_LOADED
2011-04-20,retrospective-samplefirms:2011-04-20,75,THOMSON_REUTERS_13F,IO,point-in-time source coverage receipt plus required covariate facts,EXTERNAL_DATA_REQUIRED,AUTHORIZED_POINT_IN_TIME_SOURCE_NOT_LOADED
2011-04-26,retrospective-samplefirms:2011-04-26,143,CRSP,lnMCAP|Beta_SPY|invPRC,point-in-time source coverage receipt plus required covariate facts,EXTERNAL_DATA_REQUIRED,AUTHORIZED_POINT_IN_TIME_SOURCE_NOT_LOADED
2011-04-26,retrospective-samplefirms:2011-04-26,143,IBES,lnnumest,point-in-time source coverage receipt plus required covariate facts,EXTERNAL_DATA_REQUIRED,AUTHORIZED_POINT_IN_TIME_SOURCE_NOT_LOADED
2011-04-26,retrospective-samplefirms:2011-04-26,143,TAQ,,point-in-time source coverage receipt plus required covariate facts,EXTERNAL_DATA_REQUIRED,AUTHORIZED_POINT_IN_TIME_SOURCE_NOT_LOADED
2011-04-26,retrospective-samplefirms:2011-04-26,143,RAVENPACK,ln_Story_Count_Relevant,point-in-time source coverage receipt plus required covariate facts,EXTERNAL_DATA_REQUIRED,AUTHORIZED_POINT_IN_TIME_SOURCE_NOT_LOADED
2011-04-26,retrospective-samplefirms:2011-04-26,143,MARKIT,DCBS,point-in-time source coverage receipt plus required covariate facts,EXTERNAL_DATA_REQUIRED,AUTHORIZED_POINT_IN_TIME_SOURCE_NOT_LOADED
2011-04-26,retrospective-samplefirms:2011-04-26,143,OPTIONMETRICS,,point-in-time source coverage receipt plus required covariate facts,EXTERNAL_DATA_REQUIRED,AUTHORIZED_POINT_IN_TIME_SOURCE_NOT_LOADED
2011-04-26,retrospective-samplefirms:2011-04-26,143,THOMSON_REUTERS_13F,IO,point-in-time source coverage receipt plus required covariate facts,EXTERNAL_DATA_REQUIRED,AUTHORIZED_POINT_IN_TIME_SOURCE_NOT_LOADED
2011-04-27,retrospective-samplefirms:2011-04-27,155,CRSP,lnMCAP|Beta_SPY|invPRC,point-in-time source coverage receipt plus required covariate facts,EXTERNAL_DATA_REQUIRED,AUTHORIZED_POINT_IN_TIME_SOURCE_NOT_LOADED
2011-04-27,retrospective-samplefirms:2011-04-27,155,IBES,lnnumest,point-in-time source coverage receipt plus required covariate facts,EXTERNAL_DATA_REQUIRED,AUTHORIZED_POINT_IN_TIME_SOURCE_NOT_LOADED
2011-04-27,retrospective-samplefirms:2011-04-27,155,TAQ,,point-in-time source coverage receipt plus required covariate facts,EXTERNAL_DATA_REQUIRED,AUTHORIZED_POINT_IN_TIME_SOURCE_NOT_LOADED
2011-04-27,retrospective-samplefirms:2011-04-27,155,RAVENPACK,ln_Story_Count_Relevant,point-in-time source coverage receipt plus required covariate facts,EXTERNAL_DATA_REQUIRED,AUTHORIZED_POINT_IN_TIME_SOURCE_NOT_LOADED
2011-04-27,retrospective-samplefirms:2011-04-27,155,MARKIT,DCBS,point-in-time source coverage receipt plus required covariate facts,EXTERNAL_DATA_REQUIRED,AUTHORIZED_POINT_IN_TIME_SOURCE_NOT_LOADED
2011-04-27,retrospective-samplefirms:2011-04-27,155,OPTIONMETRICS,,point-in-time source coverage receipt plus required covariate facts,EXTERNAL_DATA_REQUIRED,AUTHORIZED_POINT_IN_TIME_SOURCE_NOT_LOADED
2011-04-27,retrospective-samplefirms:2011-04-27,155,THOMSON_REUTERS_13F,IO,point-in-time source coverage receipt plus required covariate facts,EXTERNAL_DATA_REQUIRED,AUTHORIZED_POINT_IN_TIME_SOURCE_NOT_LOADED
2011-07-20,retrospective-samplefirms:2011-07-20,32,CRSP,lnMCAP|Beta_SPY|invPRC,point-in-time source coverage receipt plus required covariate facts,EXTERNAL_DATA_REQUIRED,AUTHORIZED_POINT_IN_TIME_SOURCE_NOT_LOADED
2011-07-20,retrospective-samplefirms:2011-07-20,32,IBES,lnnumest,point-in-time source coverage receipt plus required covariate facts,EXTERNAL_DATA_REQUIRED,AUTHORIZED_POINT_IN_TIME_SOURCE_NOT_LOADED
2011-07-20,retrospective-samplefirms:2011-07-20,32,TAQ,,point-in-time source coverage receipt plus required covariate facts,EXTERNAL_DATA_REQUIRED,AUTHORIZED_POINT_IN_TIME_SOURCE_NOT_LOADED
2011-07-20,retrospective-samplefirms:2011-07-20,32,RAVENPACK,ln_Story_Count_Relevant,point-in-time source coverage receipt plus required covariate facts,EXTERNAL_DATA_REQUIRED,AUTHORIZED_POINT_IN_TIME_SOURCE_NOT_LOADED
2011-07-20,retrospective-samplefirms:2011-07-20,32,MARKIT,DCBS,point-in-time source coverage receipt plus required covariate facts,EXTERNAL_DATA_REQUIRED,AUTHORIZED_POINT_IN_TIME_SOURCE_NOT_LOADED
2011-07-20,retrospective-samplefirms:2011-07-20,32,OPTIONMETRICS,,point-in-time source coverage receipt plus required covariate facts,EXTERNAL_DATA_REQUIRED,AUTHORIZED_POINT_IN_TIME_SOURCE_NOT_LOADED
2011-07-20,retrospective-samplefirms:2011-07-20,32,THOMSON_REUTERS_13F,IO,point-in-time source coverage receipt plus required covariate facts,EXTERNAL_DATA_REQUIRED,AUTHORIZED_POINT_IN_TIME_SOURCE_NOT_LOADED
2011-07-26,retrospective-samplefirms:2011-07-26,64,CRSP,lnMCAP|Beta_SPY|invPRC,point-in-time source coverage receipt plus required covariate facts,EXTERNAL_DATA_REQUIRED,AUTHORIZED_POINT_IN_TIME_SOURCE_NOT_LOADED
2011-07-26,retrospective-samplefirms:2011-07-26,64,IBES,lnnumest,point-in-time source coverage receipt plus required covariate facts,EXTERNAL_DATA_REQUIRED,AUTHORIZED_POINT_IN_TIME_SOURCE_NOT_LOADED
2011-07-26,retrospective-samplefirms:2011-07-26,64,TAQ,,point-in-time source coverage receipt plus required covariate facts,EXTERNAL_DATA_REQUIRED,AUTHORIZED_POINT_IN_TIME_SOURCE_NOT_LOADED
2011-07-26,retrospective-samplefirms:2011-07-26,64,RAVENPACK,ln_Story_Count_Relevant,point-in-time source coverage receipt plus required covariate facts,EXTERNAL_DATA_REQUIRED,AUTHORIZED_POINT_IN_TIME_SOURCE_NOT_LOADED
2011-07-26,retrospective-samplefirms:2011-07-26,64,MARKIT,DCBS,point-in-time source coverage receipt plus required covariate facts,EXTERNAL_DATA_REQUIRED,AUTHORIZED_POINT_IN_TIME_SOURCE_NOT_LOADED
2011-07-26,retrospective-samplefirms:2011-07-26,64,OPTIONMETRICS,,point-in-time source coverage receipt plus required covariate facts,EXTERNAL_DATA_REQUIRED,AUTHORIZED_POINT_IN_TIME_SOURCE_NOT_LOADED
2011-07-26,retrospective-samplefirms:2011-07-26,64,THOMSON_REUTERS_13F,IO,point-in-time source coverage receipt plus required covariate facts,EXTERNAL_DATA_REQUIRED,AUTHORIZED_POINT_IN_TIME_SOURCE_NOT_LOADED
2011-07-27,retrospective-samplefirms:2011-07-27,84,CRSP,lnMCAP|Beta_SPY|invPRC,point-in-time source coverage receipt plus required covariate facts,EXTERNAL_DATA_REQUIRED,AUTHORIZED_POINT_IN_TIME_SOURCE_NOT_LOADED
2011-07-27,retrospective-samplefirms:2011-07-27,84,IBES,lnnumest,point-in-time source coverage receipt plus required covariate facts,EXTERNAL_DATA_REQUIRED,AUTHORIZED_POINT_IN_TIME_SOURCE_NOT_LOADED
2011-07-27,retrospective-samplefirms:2011-07-27,84,TAQ,,point-in-time source coverage receipt plus required covariate facts,EXTERNAL_DATA_REQUIRED,AUTHORIZED_POINT_IN_TIME_SOURCE_NOT_LOADED
2011-07-27,retrospective-samplefirms:2011-07-27,84,RAVENPACK,ln_Story_Count_Relevant,point-in-time source coverage receipt plus required covariate facts,EXTERNAL_DATA_REQUIRED,AUTHORIZED_POINT_IN_TIME_SOURCE_NOT_LOADED
2011-07-27,retrospective-samplefirms:2011-07-27,84,MARKIT,DCBS,point-in-time source coverage receipt plus required covariate facts,EXTERNAL_DATA_REQUIRED,AUTHORIZED_POINT_IN_TIME_SOURCE_NOT_LOADED
2011-07-27,retrospective-samplefirms:2011-07-27,84,OPTIONMETRICS,,point-in-time source coverage receipt plus required covariate facts,EXTERNAL_DATA_REQUIRED,AUTHORIZED_POINT_IN_TIME_SOURCE_NOT_LOADED
2011-07-27,retrospective-samplefirms:2011-07-27,84,THOMSON_REUTERS_13F,IO,point-in-time source coverage receipt plus required covariate facts,EXTERNAL_DATA_REQUIRED,AUTHORIZED_POINT_IN_TIME_SOURCE_NOT_LOADED
2011-08-03,retrospective-samplefirms:2011-08-03,74,CRSP,lnMCAP|Beta_SPY|invPRC,point-in-time source coverage receipt plus required covariate facts,EXTERNAL_DATA_REQUIRED,AUTHORIZED_POINT_IN_TIME_SOURCE_NOT_LOADED
2011-08-03,retrospective-samplefirms:2011-08-03,74,IBES,lnnumest,point-in-time source coverage receipt plus required covariate facts,EXTERNAL_DATA_REQUIRED,AUTHORIZED_POINT_IN_TIME_SOURCE_NOT_LOADED
2011-08-03,retrospective-samplefirms:2011-08-03,74,TAQ,,point-in-time source coverage receipt plus required covariate facts,EXTERNAL_DATA_REQUIRED,AUTHORIZED_POINT_IN_TIME_SOURCE_NOT_LOADED
2011-08-03,retrospective-samplefirms:2011-08-03,74,RAVENPACK,ln_Story_Count_Relevant,point-in-time source coverage receipt plus required covariate facts,EXTERNAL_DATA_REQUIRED,AUTHORIZED_POINT_IN_TIME_SOURCE_NOT_LOADED
2011-08-03,retrospective-samplefirms:2011-08-03,74,MARKIT,DCBS,point-in-time source coverage receipt plus required covariate facts,EXTERNAL_DATA_REQUIRED,AUTHORIZED_POINT_IN_TIME_SOURCE_NOT_LOADED
2011-08-03,retrospective-samplefirms:2011-08-03,74,OPTIONMETRICS,,point-in-time source coverage receipt plus required covariate facts,EXTERNAL_DATA_REQUIRED,AUTHORIZED_POINT_IN_TIME_SOURCE_NOT_LOADED
2011-08-03,retrospective-samplefirms:2011-08-03,74,THOMSON_REUTERS_13F,IO,point-in-time source coverage receipt plus required covariate facts,EXTERNAL_DATA_REQUIRED,AUTHORIZED_POINT_IN_TIME_SOURCE_NOT_LOADED
2011-08-18,retrospective-samplefirms:2011-08-18,15,CRSP,lnMCAP|Beta_SPY|invPRC,point-in-time source coverage receipt plus required covariate facts,EXTERNAL_DATA_REQUIRED,AUTHORIZED_POINT_IN_TIME_SOURCE_NOT_LOADED
2011-08-18,retrospective-samplefirms:2011-08-18,15,IBES,lnnumest,point-in-time source coverage receipt plus required covariate facts,EXTERNAL_DATA_REQUIRED,AUTHORIZED_POINT_IN_TIME_SOURCE_NOT_LOADED
2011-08-18,retrospective-samplefirms:2011-08-18,15,TAQ,,point-in-time source coverage receipt plus required covariate facts,EXTERNAL_DATA_REQUIRED,AUTHORIZED_POINT_IN_TIME_SOURCE_NOT_LOADED
2011-08-18,retrospective-samplefirms:2011-08-18,15,RAVENPACK,ln_Story_Count_Relevant,point-in-time source coverage receipt plus required covariate facts,EXTERNAL_DATA_REQUIRED,AUTHORIZED_POINT_IN_TIME_SOURCE_NOT_LOADED
2011-08-18,retrospective-samplefirms:2011-08-18,15,MARKIT,DCBS,point-in-time source coverage receipt plus required covariate facts,EXTERNAL_DATA_REQUIRED,AUTHORIZED_POINT_IN_TIME_SOURCE_NOT_LOADED
2011-08-18,retrospective-samplefirms:2011-08-18,15,OPTIONMETRICS,,point-in-time source coverage receipt plus required covariate facts,EXTERNAL_DATA_REQUIRED,AUTHORIZED_POINT_IN_TIME_SOURCE_NOT_LOADED
2011-08-18,retrospective-samplefirms:2011-08-18,15,THOMSON_REUTERS_13F,IO,point-in-time source coverage receipt plus required covariate facts,EXTERNAL_DATA_REQUIRED,AUTHORIZED_POINT_IN_TIME_SOURCE_NOT_LOADED
2011-10-20,retrospective-samplefirms:2011-10-20,42,CRSP,lnMCAP|Beta_SPY|invPRC,point-in-time source coverage receipt plus required covariate facts,EXTERNAL_DATA_REQUIRED,AUTHORIZED_POINT_IN_TIME_SOURCE_NOT_LOADED
2011-10-20,retrospective-samplefirms:2011-10-20,42,IBES,lnnumest,point-in-time source coverage receipt plus required covariate facts,EXTERNAL_DATA_REQUIRED,AUTHORIZED_POINT_IN_TIME_SOURCE_NOT_LOADED
2011-10-20,retrospective-samplefirms:2011-10-20,42,TAQ,,point-in-time source coverage receipt plus required covariate facts,EXTERNAL_DATA_REQUIRED,AUTHORIZED_POINT_IN_TIME_SOURCE_NOT_LOADED
2011-10-20,retrospective-samplefirms:2011-10-20,42,RAVENPACK,ln_Story_Count_Relevant,point-in-time source coverage receipt plus required covariate facts,EXTERNAL_DATA_REQUIRED,AUTHORIZED_POINT_IN_TIME_SOURCE_NOT_LOADED
2011-10-20,retrospective-samplefirms:2011-10-20,42,MARKIT,DCBS,point-in-time source coverage receipt plus required covariate facts,EXTERNAL_DATA_REQUIRED,AUTHORIZED_POINT_IN_TIME_SOURCE_NOT_LOADED
2011-10-20,retrospective-samplefirms:2011-10-20,42,OPTIONMETRICS,,point-in-time source coverage receipt plus required covariate facts,EXTERNAL_DATA_REQUIRED,AUTHORIZED_POINT_IN_TIME_SOURCE_NOT_LOADED
2011-10-20,retrospective-samplefirms:2011-10-20,42,THOMSON_REUTERS_13F,IO,point-in-time source coverage receipt plus required covariate facts,EXTERNAL_DATA_REQUIRED,AUTHORIZED_POINT_IN_TIME_SOURCE_NOT_LOADED
2011-10-21,retrospective-samplefirms:2011-10-21,5,CRSP,lnMCAP|Beta_SPY|invPRC,point-in-time source coverage receipt plus required covariate facts,EXTERNAL_DATA_REQUIRED,AUTHORIZED_POINT_IN_TIME_SOURCE_NOT_LOADED
2011-10-21,retrospective-samplefirms:2011-10-21,5,IBES,lnnumest,point-in-time source coverage receipt plus required covariate facts,EXTERNAL_DATA_REQUIRED,AUTHORIZED_POINT_IN_TIME_SOURCE_NOT_LOADED
2011-10-21,retrospective-samplefirms:2011-10-21,5,TAQ,,point-in-time source coverage receipt plus required covariate facts,EXTERNAL_DATA_REQUIRED,AUTHORIZED_POINT_IN_TIME_SOURCE_NOT_LOADED
2011-10-21,retrospective-samplefirms:2011-10-21,5,RAVENPACK,ln_Story_Count_Relevant,point-in-time source coverage receipt plus required covariate facts,EXTERNAL_DATA_REQUIRED,AUTHORIZED_POINT_IN_TIME_SOURCE_NOT_LOADED
2011-10-21,retrospective-samplefirms:2011-10-21,5,MARKIT,DCBS,point-in-time source coverage receipt plus required covariate facts,EXTERNAL_DATA_REQUIRED,AUTHORIZED_POINT_IN_TIME_SOURCE_NOT_LOADED
2011-10-21,retrospective-samplefirms:2011-10-21,5,OPTIONMETRICS,,point-in-time source coverage receipt plus required covariate facts,EXTERNAL_DATA_REQUIRED,AUTHORIZED_POINT_IN_TIME_SOURCE_NOT_LOADED
2011-10-21,retrospective-samplefirms:2011-10-21,5,THOMSON_REUTERS_13F,IO,point-in-time source coverage receipt plus required covariate facts,EXTERNAL_DATA_REQUIRED,AUTHORIZED_POINT_IN_TIME_SOURCE_NOT_LOADED
2011-10-26,retrospective-samplefirms:2011-10-26,72,CRSP,lnMCAP|Beta_SPY|invPRC,point-in-time source coverage receipt plus required covariate facts,EXTERNAL_DATA_REQUIRED,AUTHORIZED_POINT_IN_TIME_SOURCE_NOT_LOADED
2011-10-26,retrospective-samplefirms:2011-10-26,72,IBES,lnnumest,point-in-time source coverage receipt plus required covariate facts,EXTERNAL_DATA_REQUIRED,AUTHORIZED_POINT_IN_TIME_SOURCE_NOT_LOADED
2011-10-26,retrospective-samplefirms:2011-10-26,72,TAQ,,point-in-time source coverage receipt plus required covariate facts,EXTERNAL_DATA_REQUIRED,AUTHORIZED_POINT_IN_TIME_SOURCE_NOT_LOADED
2011-10-26,retrospective-samplefirms:2011-10-26,72,RAVENPACK,ln_Story_Count_Relevant,point-in-time source coverage receipt plus required covariate facts,EXTERNAL_DATA_REQUIRED,AUTHORIZED_POINT_IN_TIME_SOURCE_NOT_LOADED
2011-10-26,retrospective-samplefirms:2011-10-26,72,MARKIT,DCBS,point-in-time source coverage receipt plus required covariate facts,EXTERNAL_DATA_REQUIRED,AUTHORIZED_POINT_IN_TIME_SOURCE_NOT_LOADED
2011-10-26,retrospective-samplefirms:2011-10-26,72,OPTIONMETRICS,,point-in-time source coverage receipt plus required covariate facts,EXTERNAL_DATA_REQUIRED,AUTHORIZED_POINT_IN_TIME_SOURCE_NOT_LOADED
2011-10-26,retrospective-samplefirms:2011-10-26,72,THOMSON_REUTERS_13F,IO,point-in-time source coverage receipt plus required covariate facts,EXTERNAL_DATA_REQUIRED,AUTHORIZED_POINT_IN_TIME_SOURCE_NOT_LOADED
2011-10-27,retrospective-samplefirms:2011-10-27,112,CRSP,lnMCAP|Beta_SPY|invPRC,point-in-time source coverage receipt plus required covariate facts,EXTERNAL_DATA_REQUIRED,AUTHORIZED_POINT_IN_TIME_SOURCE_NOT_LOADED
2011-10-27,retrospective-samplefirms:2011-10-27,112,IBES,lnnumest,point-in-time source coverage receipt plus required covariate facts,EXTERNAL_DATA_REQUIRED,AUTHORIZED_POINT_IN_TIME_SOURCE_NOT_LOADED
2011-10-27,retrospective-samplefirms:2011-10-27,112,TAQ,,point-in-time source coverage receipt plus required covariate facts,EXTERNAL_DATA_REQUIRED,AUTHORIZED_POINT_IN_TIME_SOURCE_NOT_LOADED
2011-10-27,retrospective-samplefirms:2011-10-27,112,RAVENPACK,ln_Story_Count_Relevant,point-in-time source coverage receipt plus required covariate facts,EXTERNAL_DATA_REQUIRED,AUTHORIZED_POINT_IN_TIME_SOURCE_NOT_LOADED
2011-10-27,retrospective-samplefirms:2011-10-27,112,MARKIT,DCBS,point-in-time source coverage receipt plus required covariate facts,EXTERNAL_DATA_REQUIRED,AUTHORIZED_POINT_IN_TIME_SOURCE_NOT_LOADED
2011-10-27,retrospective-samplefirms:2011-10-27,112,OPTIONMETRICS,,point-in-time source coverage receipt plus required covariate facts,EXTERNAL_DATA_REQUIRED,AUTHORIZED_POINT_IN_TIME_SOURCE_NOT_LOADED
2011-10-27,retrospective-samplefirms:2011-10-27,112,THOMSON_REUTERS_13F,IO,point-in-time source coverage receipt plus required covariate facts,EXTERNAL_DATA_REQUIRED,AUTHORIZED_POINT_IN_TIME_SOURCE_NOT_LOADED
2012-01-23,retrospective-samplefirms:2012-01-23,6,CRSP,lnMCAP|Beta_SPY|invPRC,point-in-time source coverage receipt plus required covariate facts,EXTERNAL_DATA_REQUIRED,AUTHORIZED_POINT_IN_TIME_SOURCE_NOT_LOADED
2012-01-23,retrospective-samplefirms:2012-01-23,6,IBES,lnnumest,point-in-time source coverage receipt plus required covariate facts,EXTERNAL_DATA_REQUIRED,AUTHORIZED_POINT_IN_TIME_SOURCE_NOT_LOADED
2012-01-23,retrospective-samplefirms:2012-01-23,6,TAQ,,point-in-time source coverage receipt plus required covariate facts,EXTERNAL_DATA_REQUIRED,AUTHORIZED_POINT_IN_TIME_SOURCE_NOT_LOADED
2012-01-23,retrospective-samplefirms:2012-01-23,6,RAVENPACK,ln_Story_Count_Relevant,point-in-time source coverage receipt plus required covariate facts,EXTERNAL_DATA_REQUIRED,AUTHORIZED_POINT_IN_TIME_SOURCE_NOT_LOADED
2012-01-23,retrospective-samplefirms:2012-01-23,6,MARKIT,DCBS,point-in-time source coverage receipt plus required covariate facts,EXTERNAL_DATA_REQUIRED,AUTHORIZED_POINT_IN_TIME_SOURCE_NOT_LOADED
2012-01-23,retrospective-samplefirms:2012-01-23,6,OPTIONMETRICS,,point-in-time source coverage receipt plus required covariate facts,EXTERNAL_DATA_REQUIRED,AUTHORIZED_POINT_IN_TIME_SOURCE_NOT_LOADED
2012-01-23,retrospective-samplefirms:2012-01-23,6,THOMSON_REUTERS_13F,IO,point-in-time source coverage receipt plus required covariate facts,EXTERNAL_DATA_REQUIRED,AUTHORIZED_POINT_IN_TIME_SOURCE_NOT_LOADED
2012-01-24,retrospective-samplefirms:2012-01-24,20,CRSP,lnMCAP|Beta_SPY|invPRC,point-in-time source coverage receipt plus required covariate facts,EXTERNAL_DATA_REQUIRED,AUTHORIZED_POINT_IN_TIME_SOURCE_NOT_LOADED
2012-01-24,retrospective-samplefirms:2012-01-24,20,IBES,lnnumest,point-in-time source coverage receipt plus required covariate facts,EXTERNAL_DATA_REQUIRED,AUTHORIZED_POINT_IN_TIME_SOURCE_NOT_LOADED
2012-01-24,retrospective-samplefirms:2012-01-24,20,TAQ,,point-in-time source coverage receipt plus required covariate facts,EXTERNAL_DATA_REQUIRED,AUTHORIZED_POINT_IN_TIME_SOURCE_NOT_LOADED
2012-01-24,retrospective-samplefirms:2012-01-24,20,RAVENPACK,ln_Story_Count_Relevant,point-in-time source coverage receipt plus required covariate facts,EXTERNAL_DATA_REQUIRED,AUTHORIZED_POINT_IN_TIME_SOURCE_NOT_LOADED
2012-01-24,retrospective-samplefirms:2012-01-24,20,MARKIT,DCBS,point-in-time source coverage receipt plus required covariate facts,EXTERNAL_DATA_REQUIRED,AUTHORIZED_POINT_IN_TIME_SOURCE_NOT_LOADED
2012-01-24,retrospective-samplefirms:2012-01-24,20,OPTIONMETRICS,,point-in-time source coverage receipt plus required covariate facts,EXTERNAL_DATA_REQUIRED,AUTHORIZED_POINT_IN_TIME_SOURCE_NOT_LOADED
2012-01-24,retrospective-samplefirms:2012-01-24,20,THOMSON_REUTERS_13F,IO,point-in-time source coverage receipt plus required covariate facts,EXTERNAL_DATA_REQUIRED,AUTHORIZED_POINT_IN_TIME_SOURCE_NOT_LOADED
2012-01-25,retrospective-samplefirms:2012-01-25,41,CRSP,lnMCAP|Beta_SPY|invPRC,point-in-time source coverage receipt plus required covariate facts,EXTERNAL_DATA_REQUIRED,AUTHORIZED_POINT_IN_TIME_SOURCE_NOT_LOADED
2012-01-25,retrospective-samplefirms:2012-01-25,41,IBES,lnnumest,point-in-time source coverage receipt plus required covariate facts,EXTERNAL_DATA_REQUIRED,AUTHORIZED_POINT_IN_TIME_SOURCE_NOT_LOADED
2012-01-25,retrospective-samplefirms:2012-01-25,41,TAQ,,point-in-time source coverage receipt plus required covariate facts,EXTERNAL_DATA_REQUIRED,AUTHORIZED_POINT_IN_TIME_SOURCE_NOT_LOADED
2012-01-25,retrospective-samplefirms:2012-01-25,41,RAVENPACK,ln_Story_Count_Relevant,point-in-time source coverage receipt plus required covariate facts,EXTERNAL_DATA_REQUIRED,AUTHORIZED_POINT_IN_TIME_SOURCE_NOT_LOADED
2012-01-25,retrospective-samplefirms:2012-01-25,41,MARKIT,DCBS,point-in-time source coverage receipt plus required covariate facts,EXTERNAL_DATA_REQUIRED,AUTHORIZED_POINT_IN_TIME_SOURCE_NOT_LOADED
2012-01-25,retrospective-samplefirms:2012-01-25,41,OPTIONMETRICS,,point-in-time source coverage receipt plus required covariate facts,EXTERNAL_DATA_REQUIRED,AUTHORIZED_POINT_IN_TIME_SOURCE_NOT_LOADED
2012-01-25,retrospective-samplefirms:2012-01-25,41,THOMSON_REUTERS_13F,IO,point-in-time source coverage receipt plus required covariate facts,EXTERNAL_DATA_REQUIRED,AUTHORIZED_POINT_IN_TIME_SOURCE_NOT_LOADED
2012-01-26,retrospective-samplefirms:2012-01-26,54,CRSP,lnMCAP|Beta_SPY|invPRC,point-in-time source coverage receipt plus required covariate facts,EXTERNAL_DATA_REQUIRED,AUTHORIZED_POINT_IN_TIME_SOURCE_NOT_LOADED
2012-01-26,retrospective-samplefirms:2012-01-26,54,IBES,lnnumest,point-in-time source coverage receipt plus required covariate facts,EXTERNAL_DATA_REQUIRED,AUTHORIZED_POINT_IN_TIME_SOURCE_NOT_LOADED
2012-01-26,retrospective-samplefirms:2012-01-26,54,TAQ,,point-in-time source coverage receipt plus required covariate facts,EXTERNAL_DATA_REQUIRED,AUTHORIZED_POINT_IN_TIME_SOURCE_NOT_LOADED
2012-01-26,retrospective-samplefirms:2012-01-26,54,RAVENPACK,ln_Story_Count_Relevant,point-in-time source coverage receipt plus required covariate facts,EXTERNAL_DATA_REQUIRED,AUTHORIZED_POINT_IN_TIME_SOURCE_NOT_LOADED
2012-01-26,retrospective-samplefirms:2012-01-26,54,MARKIT,DCBS,point-in-time source coverage receipt plus required covariate facts,EXTERNAL_DATA_REQUIRED,AUTHORIZED_POINT_IN_TIME_SOURCE_NOT_LOADED
2012-01-26,retrospective-samplefirms:2012-01-26,54,OPTIONMETRICS,,point-in-time source coverage receipt plus required covariate facts,EXTERNAL_DATA_REQUIRED,AUTHORIZED_POINT_IN_TIME_SOURCE_NOT_LOADED
2012-01-26,retrospective-samplefirms:2012-01-26,54,THOMSON_REUTERS_13F,IO,point-in-time source coverage receipt plus required covariate facts,EXTERNAL_DATA_REQUIRED,AUTHORIZED_POINT_IN_TIME_SOURCE_NOT_LOADED
2012-01-27,retrospective-samplefirms:2012-01-27,9,CRSP,lnMCAP|Beta_SPY|invPRC,point-in-time source coverage receipt plus required covariate facts,EXTERNAL_DATA_REQUIRED,AUTHORIZED_POINT_IN_TIME_SOURCE_NOT_LOADED
2012-01-27,retrospective-samplefirms:2012-01-27,9,IBES,lnnumest,point-in-time source coverage receipt plus required covariate facts,EXTERNAL_DATA_REQUIRED,AUTHORIZED_POINT_IN_TIME_SOURCE_NOT_LOADED
2012-01-27,retrospective-samplefirms:2012-01-27,9,TAQ,,point-in-time source coverage receipt plus required covariate facts,EXTERNAL_DATA_REQUIRED,AUTHORIZED_POINT_IN_TIME_SOURCE_NOT_LOADED
2012-01-27,retrospective-samplefirms:2012-01-27,9,RAVENPACK,ln_Story_Count_Relevant,point-in-time source coverage receipt plus required covariate facts,EXTERNAL_DATA_REQUIRED,AUTHORIZED_POINT_IN_TIME_SOURCE_NOT_LOADED
2012-01-27,retrospective-samplefirms:2012-01-27,9,MARKIT,DCBS,point-in-time source coverage receipt plus required covariate facts,EXTERNAL_DATA_REQUIRED,AUTHORIZED_POINT_IN_TIME_SOURCE_NOT_LOADED
2012-01-27,retrospective-samplefirms:2012-01-27,9,OPTIONMETRICS,,point-in-time source coverage receipt plus required covariate facts,EXTERNAL_DATA_REQUIRED,AUTHORIZED_POINT_IN_TIME_SOURCE_NOT_LOADED
2012-01-27,retrospective-samplefirms:2012-01-27,9,THOMSON_REUTERS_13F,IO,point-in-time source coverage receipt plus required covariate facts,EXTERNAL_DATA_REQUIRED,AUTHORIZED_POINT_IN_TIME_SOURCE_NOT_LOADED
2012-07-31,retrospective-samplefirms:2012-07-31,111,CRSP,lnMCAP|Beta_SPY|invPRC,point-in-time source coverage receipt plus required covariate facts,EXTERNAL_DATA_REQUIRED,AUTHORIZED_POINT_IN_TIME_SOURCE_NOT_LOADED
2012-07-31,retrospective-samplefirms:2012-07-31,111,IBES,lnnumest,point-in-time source coverage receipt plus required covariate facts,EXTERNAL_DATA_REQUIRED,AUTHORIZED_POINT_IN_TIME_SOURCE_NOT_LOADED
2012-07-31,retrospective-samplefirms:2012-07-31,111,TAQ,,point-in-time source coverage receipt plus required covariate facts,EXTERNAL_DATA_REQUIRED,AUTHORIZED_POINT_IN_TIME_SOURCE_NOT_LOADED
2012-07-31,retrospective-samplefirms:2012-07-31,111,RAVENPACK,ln_Story_Count_Relevant,point-in-time source coverage receipt plus required covariate facts,EXTERNAL_DATA_REQUIRED,AUTHORIZED_POINT_IN_TIME_SOURCE_NOT_LOADED
2012-07-31,retrospective-samplefirms:2012-07-31,111,MARKIT,DCBS,point-in-time source coverage receipt plus required covariate facts,EXTERNAL_DATA_REQUIRED,AUTHORIZED_POINT_IN_TIME_SOURCE_NOT_LOADED
2012-07-31,retrospective-samplefirms:2012-07-31,111,OPTIONMETRICS,,point-in-time source coverage receipt plus required covariate facts,EXTERNAL_DATA_REQUIRED,AUTHORIZED_POINT_IN_TIME_SOURCE_NOT_LOADED
2012-07-31,retrospective-samplefirms:2012-07-31,111,THOMSON_REUTERS_13F,IO,point-in-time source coverage receipt plus required covariate facts,EXTERNAL_DATA_REQUIRED,AUTHORIZED_POINT_IN_TIME_SOURCE_NOT_LOADED
2013-02-19,retrospective-samplefirms:2013-02-19,23,CRSP,lnMCAP|Beta_SPY|invPRC,point-in-time source coverage receipt plus required covariate facts,EXTERNAL_DATA_REQUIRED,AUTHORIZED_POINT_IN_TIME_SOURCE_NOT_LOADED
2013-02-19,retrospective-samplefirms:2013-02-19,23,IBES,lnnumest,point-in-time source coverage receipt plus required covariate facts,EXTERNAL_DATA_REQUIRED,AUTHORIZED_POINT_IN_TIME_SOURCE_NOT_LOADED
2013-02-19,retrospective-samplefirms:2013-02-19,23,TAQ,,point-in-time source coverage receipt plus required covariate facts,EXTERNAL_DATA_REQUIRED,AUTHORIZED_POINT_IN_TIME_SOURCE_NOT_LOADED
2013-02-19,retrospective-samplefirms:2013-02-19,23,RAVENPACK,ln_Story_Count_Relevant,point-in-time source coverage receipt plus required covariate facts,EXTERNAL_DATA_REQUIRED,AUTHORIZED_POINT_IN_TIME_SOURCE_NOT_LOADED
2013-02-19,retrospective-samplefirms:2013-02-19,23,MARKIT,DCBS,point-in-time source coverage receipt plus required covariate facts,EXTERNAL_DATA_REQUIRED,AUTHORIZED_POINT_IN_TIME_SOURCE_NOT_LOADED
2013-02-19,retrospective-samplefirms:2013-02-19,23,OPTIONMETRICS,,point-in-time source coverage receipt plus required covariate facts,EXTERNAL_DATA_REQUIRED,AUTHORIZED_POINT_IN_TIME_SOURCE_NOT_LOADED
2013-02-19,retrospective-samplefirms:2013-02-19,23,THOMSON_REUTERS_13F,IO,point-in-time source coverage receipt plus required covariate facts,EXTERNAL_DATA_REQUIRED,AUTHORIZED_POINT_IN_TIME_SOURCE_NOT_LOADED
2013-04-01,retrospective-samplefirms:2013-04-01,6,CRSP,lnMCAP|Beta_SPY|invPRC,point-in-time source coverage receipt plus required covariate facts,EXTERNAL_DATA_REQUIRED,AUTHORIZED_POINT_IN_TIME_SOURCE_NOT_LOADED
2013-04-01,retrospective-samplefirms:2013-04-01,6,IBES,lnnumest,point-in-time source coverage receipt plus required covariate facts,EXTERNAL_DATA_REQUIRED,AUTHORIZED_POINT_IN_TIME_SOURCE_NOT_LOADED
2013-04-01,retrospective-samplefirms:2013-04-01,6,TAQ,,point-in-time source coverage receipt plus required covariate facts,EXTERNAL_DATA_REQUIRED,AUTHORIZED_POINT_IN_TIME_SOURCE_NOT_LOADED
2013-04-01,retrospective-samplefirms:2013-04-01,6,RAVENPACK,ln_Story_Count_Relevant,point-in-time source coverage receipt plus required covariate facts,EXTERNAL_DATA_REQUIRED,AUTHORIZED_POINT_IN_TIME_SOURCE_NOT_LOADED
2013-04-01,retrospective-samplefirms:2013-04-01,6,MARKIT,DCBS,point-in-time source coverage receipt plus required covariate facts,EXTERNAL_DATA_REQUIRED,AUTHORIZED_POINT_IN_TIME_SOURCE_NOT_LOADED
2013-04-01,retrospective-samplefirms:2013-04-01,6,OPTIONMETRICS,,point-in-time source coverage receipt plus required covariate facts,EXTERNAL_DATA_REQUIRED,AUTHORIZED_POINT_IN_TIME_SOURCE_NOT_LOADED
2013-04-01,retrospective-samplefirms:2013-04-01,6,THOMSON_REUTERS_13F,IO,point-in-time source coverage receipt plus required covariate facts,EXTERNAL_DATA_REQUIRED,AUTHORIZED_POINT_IN_TIME_SOURCE_NOT_LOADED
2013-04-18,retrospective-samplefirms:2013-04-18,59,CRSP,lnMCAP|Beta_SPY|invPRC,point-in-time source coverage receipt plus required covariate facts,EXTERNAL_DATA_REQUIRED,AUTHORIZED_POINT_IN_TIME_SOURCE_NOT_LOADED
2013-04-18,retrospective-samplefirms:2013-04-18,59,IBES,lnnumest,point-in-time source coverage receipt plus required covariate facts,EXTERNAL_DATA_REQUIRED,AUTHORIZED_POINT_IN_TIME_SOURCE_NOT_LOADED
2013-04-18,retrospective-samplefirms:2013-04-18,59,TAQ,,point-in-time source coverage receipt plus required covariate facts,EXTERNAL_DATA_REQUIRED,AUTHORIZED_POINT_IN_TIME_SOURCE_NOT_LOADED
2013-04-18,retrospective-samplefirms:2013-04-18,59,RAVENPACK,ln_Story_Count_Relevant,point-in-time source coverage receipt plus required covariate facts,EXTERNAL_DATA_REQUIRED,AUTHORIZED_POINT_IN_TIME_SOURCE_NOT_LOADED
2013-04-18,retrospective-samplefirms:2013-04-18,59,MARKIT,DCBS,point-in-time source coverage receipt plus required covariate facts,EXTERNAL_DATA_REQUIRED,AUTHORIZED_POINT_IN_TIME_SOURCE_NOT_LOADED
2013-04-18,retrospective-samplefirms:2013-04-18,59,OPTIONMETRICS,,point-in-time source coverage receipt plus required covariate facts,EXTERNAL_DATA_REQUIRED,AUTHORIZED_POINT_IN_TIME_SOURCE_NOT_LOADED
2013-04-18,retrospective-samplefirms:2013-04-18,59,THOMSON_REUTERS_13F,IO,point-in-time source coverage receipt plus required covariate facts,EXTERNAL_DATA_REQUIRED,AUTHORIZED_POINT_IN_TIME_SOURCE_NOT_LOADED
2013-04-23,retrospective-samplefirms:2013-04-23,93,CRSP,lnMCAP|Beta_SPY|invPRC,point-in-time source coverage receipt plus required covariate facts,EXTERNAL_DATA_REQUIRED,AUTHORIZED_POINT_IN_TIME_SOURCE_NOT_LOADED
2013-04-23,retrospective-samplefirms:2013-04-23,93,IBES,lnnumest,point-in-time source coverage receipt plus required covariate facts,EXTERNAL_DATA_REQUIRED,AUTHORIZED_POINT_IN_TIME_SOURCE_NOT_LOADED
2013-04-23,retrospective-samplefirms:2013-04-23,93,TAQ,,point-in-time source coverage receipt plus required covariate facts,EXTERNAL_DATA_REQUIRED,AUTHORIZED_POINT_IN_TIME_SOURCE_NOT_LOADED
2013-04-23,retrospective-samplefirms:2013-04-23,93,RAVENPACK,ln_Story_Count_Relevant,point-in-time source coverage receipt plus required covariate facts,EXTERNAL_DATA_REQUIRED,AUTHORIZED_POINT_IN_TIME_SOURCE_NOT_LOADED
2013-04-23,retrospective-samplefirms:2013-04-23,93,MARKIT,DCBS,point-in-time source coverage receipt plus required covariate facts,EXTERNAL_DATA_REQUIRED,AUTHORIZED_POINT_IN_TIME_SOURCE_NOT_LOADED
2013-04-23,retrospective-samplefirms:2013-04-23,93,OPTIONMETRICS,,point-in-time source coverage receipt plus required covariate facts,EXTERNAL_DATA_REQUIRED,AUTHORIZED_POINT_IN_TIME_SOURCE_NOT_LOADED
2013-04-23,retrospective-samplefirms:2013-04-23,93,THOMSON_REUTERS_13F,IO,point-in-time source coverage receipt plus required covariate facts,EXTERNAL_DATA_REQUIRED,AUTHORIZED_POINT_IN_TIME_SOURCE_NOT_LOADED
2013-04-24,retrospective-samplefirms:2013-04-24,128,CRSP,lnMCAP|Beta_SPY|invPRC,point-in-time source coverage receipt plus required covariate facts,EXTERNAL_DATA_REQUIRED,AUTHORIZED_POINT_IN_TIME_SOURCE_NOT_LOADED
2013-04-24,retrospective-samplefirms:2013-04-24,128,IBES,lnnumest,point-in-time source coverage receipt plus required covariate facts,EXTERNAL_DATA_REQUIRED,AUTHORIZED_POINT_IN_TIME_SOURCE_NOT_LOADED
2013-04-24,retrospective-samplefirms:2013-04-24,128,TAQ,,point-in-time source coverage receipt plus required covariate facts,EXTERNAL_DATA_REQUIRED,AUTHORIZED_POINT_IN_TIME_SOURCE_NOT_LOADED
2013-04-24,retrospective-samplefirms:2013-04-24,128,RAVENPACK,ln_Story_Count_Relevant,point-in-time source coverage receipt plus required covariate facts,EXTERNAL_DATA_REQUIRED,AUTHORIZED_POINT_IN_TIME_SOURCE_NOT_LOADED
2013-04-24,retrospective-samplefirms:2013-04-24,128,MARKIT,DCBS,point-in-time source coverage receipt plus required covariate facts,EXTERNAL_DATA_REQUIRED,AUTHORIZED_POINT_IN_TIME_SOURCE_NOT_LOADED
2013-04-24,retrospective-samplefirms:2013-04-24,128,OPTIONMETRICS,,point-in-time source coverage receipt plus required covariate facts,EXTERNAL_DATA_REQUIRED,AUTHORIZED_POINT_IN_TIME_SOURCE_NOT_LOADED
2013-04-24,retrospective-samplefirms:2013-04-24,128,THOMSON_REUTERS_13F,IO,point-in-time source coverage receipt plus required covariate facts,EXTERNAL_DATA_REQUIRED,AUTHORIZED_POINT_IN_TIME_SOURCE_NOT_LOADED
2013-04-25,retrospective-samplefirms:2013-04-25,180,CRSP,lnMCAP|Beta_SPY|invPRC,point-in-time source coverage receipt plus required covariate facts,EXTERNAL_DATA_REQUIRED,AUTHORIZED_POINT_IN_TIME_SOURCE_NOT_LOADED
2013-04-25,retrospective-samplefirms:2013-04-25,180,IBES,lnnumest,point-in-time source coverage receipt plus required covariate facts,EXTERNAL_DATA_REQUIRED,AUTHORIZED_POINT_IN_TIME_SOURCE_NOT_LOADED
2013-04-25,retrospective-samplefirms:2013-04-25,180,TAQ,,point-in-time source coverage receipt plus required covariate facts,EXTERNAL_DATA_REQUIRED,AUTHORIZED_POINT_IN_TIME_SOURCE_NOT_LOADED
2013-04-25,retrospective-samplefirms:2013-04-25,180,RAVENPACK,ln_Story_Count_Relevant,point-in-time source coverage receipt plus required covariate facts,EXTERNAL_DATA_REQUIRED,AUTHORIZED_POINT_IN_TIME_SOURCE_NOT_LOADED
2013-04-25,retrospective-samplefirms:2013-04-25,180,MARKIT,DCBS,point-in-time source coverage receipt plus required covariate facts,EXTERNAL_DATA_REQUIRED,AUTHORIZED_POINT_IN_TIME_SOURCE_NOT_LOADED
2013-04-25,retrospective-samplefirms:2013-04-25,180,OPTIONMETRICS,,point-in-time source coverage receipt plus required covariate facts,EXTERNAL_DATA_REQUIRED,AUTHORIZED_POINT_IN_TIME_SOURCE_NOT_LOADED
2013-04-25,retrospective-samplefirms:2013-04-25,180,THOMSON_REUTERS_13F,IO,point-in-time source coverage receipt plus required covariate facts,EXTERNAL_DATA_REQUIRED,AUTHORIZED_POINT_IN_TIME_SOURCE_NOT_LOADED
2013-05-06,retrospective-samplefirms:2013-05-06,55,CRSP,lnMCAP|Beta_SPY|invPRC,point-in-time source coverage receipt plus required covariate facts,EXTERNAL_DATA_REQUIRED,AUTHORIZED_POINT_IN_TIME_SOURCE_NOT_LOADED
2013-05-06,retrospective-samplefirms:2013-05-06,55,IBES,lnnumest,point-in-time source coverage receipt plus required covariate facts,EXTERNAL_DATA_REQUIRED,AUTHORIZED_POINT_IN_TIME_SOURCE_NOT_LOADED
2013-05-06,retrospective-samplefirms:2013-05-06,55,TAQ,,point-in-time source coverage receipt plus required covariate facts,EXTERNAL_DATA_REQUIRED,AUTHORIZED_POINT_IN_TIME_SOURCE_NOT_LOADED
2013-05-06,retrospective-samplefirms:2013-05-06,55,RAVENPACK,ln_Story_Count_Relevant,point-in-time source coverage receipt plus required covariate facts,EXTERNAL_DATA_REQUIRED,AUTHORIZED_POINT_IN_TIME_SOURCE_NOT_LOADED
2013-05-06,retrospective-samplefirms:2013-05-06,55,MARKIT,DCBS,point-in-time source coverage receipt plus required covariate facts,EXTERNAL_DATA_REQUIRED,AUTHORIZED_POINT_IN_TIME_SOURCE_NOT_LOADED
2013-05-06,retrospective-samplefirms:2013-05-06,55,OPTIONMETRICS,,point-in-time source coverage receipt plus required covariate facts,EXTERNAL_DATA_REQUIRED,AUTHORIZED_POINT_IN_TIME_SOURCE_NOT_LOADED
2013-05-06,retrospective-samplefirms:2013-05-06,55,THOMSON_REUTERS_13F,IO,point-in-time source coverage receipt plus required covariate facts,EXTERNAL_DATA_REQUIRED,AUTHORIZED_POINT_IN_TIME_SOURCE_NOT_LOADED
2013-05-07,retrospective-samplefirms:2013-05-07,115,CRSP,lnMCAP|Beta_SPY|invPRC,point-in-time source coverage receipt plus required covariate facts,EXTERNAL_DATA_REQUIRED,AUTHORIZED_POINT_IN_TIME_SOURCE_NOT_LOADED
2013-05-07,retrospective-samplefirms:2013-05-07,115,IBES,lnnumest,point-in-time source coverage receipt plus required covariate facts,EXTERNAL_DATA_REQUIRED,AUTHORIZED_POINT_IN_TIME_SOURCE_NOT_LOADED
2013-05-07,retrospective-samplefirms:2013-05-07,115,TAQ,,point-in-time source coverage receipt plus required covariate facts,EXTERNAL_DATA_REQUIRED,AUTHORIZED_POINT_IN_TIME_SOURCE_NOT_LOADED
2013-05-07,retrospective-samplefirms:2013-05-07,115,RAVENPACK,ln_Story_Count_Relevant,point-in-time source coverage receipt plus required covariate facts,EXTERNAL_DATA_REQUIRED,AUTHORIZED_POINT_IN_TIME_SOURCE_NOT_LOADED
2013-05-07,retrospective-samplefirms:2013-05-07,115,MARKIT,DCBS,point-in-time source coverage receipt plus required covariate facts,EXTERNAL_DATA_REQUIRED,AUTHORIZED_POINT_IN_TIME_SOURCE_NOT_LOADED
2013-05-07,retrospective-samplefirms:2013-05-07,115,OPTIONMETRICS,,point-in-time source coverage receipt plus required covariate facts,EXTERNAL_DATA_REQUIRED,AUTHORIZED_POINT_IN_TIME_SOURCE_NOT_LOADED
2013-05-07,retrospective-samplefirms:2013-05-07,115,THOMSON_REUTERS_13F,IO,point-in-time source coverage receipt plus required covariate facts,EXTERNAL_DATA_REQUIRED,AUTHORIZED_POINT_IN_TIME_SOURCE_NOT_LOADED
2013-05-08,retrospective-samplefirms:2013-05-08,79,CRSP,lnMCAP|Beta_SPY|invPRC,point-in-time source coverage receipt plus required covariate facts,EXTERNAL_DATA_REQUIRED,AUTHORIZED_POINT_IN_TIME_SOURCE_NOT_LOADED
2013-05-08,retrospective-samplefirms:2013-05-08,79,IBES,lnnumest,point-in-time source coverage receipt plus required covariate facts,EXTERNAL_DATA_REQUIRED,AUTHORIZED_POINT_IN_TIME_SOURCE_NOT_LOADED
2013-05-08,retrospective-samplefirms:2013-05-08,79,TAQ,,point-in-time source coverage receipt plus required covariate facts,EXTERNAL_DATA_REQUIRED,AUTHORIZED_POINT_IN_TIME_SOURCE_NOT_LOADED
2013-05-08,retrospective-samplefirms:2013-05-08,79,RAVENPACK,ln_Story_Count_Relevant,point-in-time source coverage receipt plus required covariate facts,EXTERNAL_DATA_REQUIRED,AUTHORIZED_POINT_IN_TIME_SOURCE_NOT_LOADED
2013-05-08,retrospective-samplefirms:2013-05-08,79,MARKIT,DCBS,point-in-time source coverage receipt plus required covariate facts,EXTERNAL_DATA_REQUIRED,AUTHORIZED_POINT_IN_TIME_SOURCE_NOT_LOADED
2013-05-08,retrospective-samplefirms:2013-05-08,79,OPTIONMETRICS,,point-in-time source coverage receipt plus required covariate facts,EXTERNAL_DATA_REQUIRED,AUTHORIZED_POINT_IN_TIME_SOURCE_NOT_LOADED
2013-05-08,retrospective-samplefirms:2013-05-08,79,THOMSON_REUTERS_13F,IO,point-in-time source coverage receipt plus required covariate facts,EXTERNAL_DATA_REQUIRED,AUTHORIZED_POINT_IN_TIME_SOURCE_NOT_LOADED
2013-07-23,retrospective-samplefirms:2013-07-23,84,CRSP,lnMCAP|Beta_SPY|invPRC,point-in-time source coverage receipt plus required covariate facts,EXTERNAL_DATA_REQUIRED,AUTHORIZED_POINT_IN_TIME_SOURCE_NOT_LOADED
2013-07-23,retrospective-samplefirms:2013-07-23,84,IBES,lnnumest,point-in-time source coverage receipt plus required covariate facts,EXTERNAL_DATA_REQUIRED,AUTHORIZED_POINT_IN_TIME_SOURCE_NOT_LOADED
2013-07-23,retrospective-samplefirms:2013-07-23,84,TAQ,,point-in-time source coverage receipt plus required covariate facts,EXTERNAL_DATA_REQUIRED,AUTHORIZED_POINT_IN_TIME_SOURCE_NOT_LOADED
2013-07-23,retrospective-samplefirms:2013-07-23,84,RAVENPACK,ln_Story_Count_Relevant,point-in-time source coverage receipt plus required covariate facts,EXTERNAL_DATA_REQUIRED,AUTHORIZED_POINT_IN_TIME_SOURCE_NOT_LOADED
2013-07-23,retrospective-samplefirms:2013-07-23,84,MARKIT,DCBS,point-in-time source coverage receipt plus required covariate facts,EXTERNAL_DATA_REQUIRED,AUTHORIZED_POINT_IN_TIME_SOURCE_NOT_LOADED
2013-07-23,retrospective-samplefirms:2013-07-23,84,OPTIONMETRICS,,point-in-time source coverage receipt plus required covariate facts,EXTERNAL_DATA_REQUIRED,AUTHORIZED_POINT_IN_TIME_SOURCE_NOT_LOADED
2013-07-23,retrospective-samplefirms:2013-07-23,84,THOMSON_REUTERS_13F,IO,point-in-time source coverage receipt plus required covariate facts,EXTERNAL_DATA_REQUIRED,AUTHORIZED_POINT_IN_TIME_SOURCE_NOT_LOADED
2013-09-19,retrospective-samplefirms:2013-09-19,7,CRSP,lnMCAP|Beta_SPY|invPRC,point-in-time source coverage receipt plus required covariate facts,EXTERNAL_DATA_REQUIRED,AUTHORIZED_POINT_IN_TIME_SOURCE_NOT_LOADED
2013-09-19,retrospective-samplefirms:2013-09-19,7,IBES,lnnumest,point-in-time source coverage receipt plus required covariate facts,EXTERNAL_DATA_REQUIRED,AUTHORIZED_POINT_IN_TIME_SOURCE_NOT_LOADED
2013-09-19,retrospective-samplefirms:2013-09-19,7,TAQ,,point-in-time source coverage receipt plus required covariate facts,EXTERNAL_DATA_REQUIRED,AUTHORIZED_POINT_IN_TIME_SOURCE_NOT_LOADED
2013-09-19,retrospective-samplefirms:2013-09-19,7,RAVENPACK,ln_Story_Count_Relevant,point-in-time source coverage receipt plus required covariate facts,EXTERNAL_DATA_REQUIRED,AUTHORIZED_POINT_IN_TIME_SOURCE_NOT_LOADED
2013-09-19,retrospective-samplefirms:2013-09-19,7,MARKIT,DCBS,point-in-time source coverage receipt plus required covariate facts,EXTERNAL_DATA_REQUIRED,AUTHORIZED_POINT_IN_TIME_SOURCE_NOT_LOADED
2013-09-19,retrospective-samplefirms:2013-09-19,7,OPTIONMETRICS,,point-in-time source coverage receipt plus required covariate facts,EXTERNAL_DATA_REQUIRED,AUTHORIZED_POINT_IN_TIME_SOURCE_NOT_LOADED
2013-09-19,retrospective-samplefirms:2013-09-19,7,THOMSON_REUTERS_13F,IO,point-in-time source coverage receipt plus required covariate facts,EXTERNAL_DATA_REQUIRED,AUTHORIZED_POINT_IN_TIME_SOURCE_NOT_LOADED
2013-10-17,retrospective-samplefirms:2013-10-17,55,CRSP,lnMCAP|Beta_SPY|invPRC,point-in-time source coverage receipt plus required covariate facts,EXTERNAL_DATA_REQUIRED,AUTHORIZED_POINT_IN_TIME_SOURCE_NOT_LOADED
2013-10-17,retrospective-samplefirms:2013-10-17,55,IBES,lnnumest,point-in-time source coverage receipt plus required covariate facts,EXTERNAL_DATA_REQUIRED,AUTHORIZED_POINT_IN_TIME_SOURCE_NOT_LOADED
2013-10-17,retrospective-samplefirms:2013-10-17,55,TAQ,,point-in-time source coverage receipt plus required covariate facts,EXTERNAL_DATA_REQUIRED,AUTHORIZED_POINT_IN_TIME_SOURCE_NOT_LOADED
2013-10-17,retrospective-samplefirms:2013-10-17,55,RAVENPACK,ln_Story_Count_Relevant,point-in-time source coverage receipt plus required covariate facts,EXTERNAL_DATA_REQUIRED,AUTHORIZED_POINT_IN_TIME_SOURCE_NOT_LOADED
2013-10-17,retrospective-samplefirms:2013-10-17,55,MARKIT,DCBS,point-in-time source coverage receipt plus required covariate facts,EXTERNAL_DATA_REQUIRED,AUTHORIZED_POINT_IN_TIME_SOURCE_NOT_LOADED
2013-10-17,retrospective-samplefirms:2013-10-17,55,OPTIONMETRICS,,point-in-time source coverage receipt plus required covariate facts,EXTERNAL_DATA_REQUIRED,AUTHORIZED_POINT_IN_TIME_SOURCE_NOT_LOADED
2013-10-17,retrospective-samplefirms:2013-10-17,55,THOMSON_REUTERS_13F,IO,point-in-time source coverage receipt plus required covariate facts,EXTERNAL_DATA_REQUIRED,AUTHORIZED_POINT_IN_TIME_SOURCE_NOT_LOADED
2013-10-21,retrospective-samplefirms:2013-10-21,37,CRSP,lnMCAP|Beta_SPY|invPRC,point-in-time source coverage receipt plus required covariate facts,EXTERNAL_DATA_REQUIRED,AUTHORIZED_POINT_IN_TIME_SOURCE_NOT_LOADED
2013-10-21,retrospective-samplefirms:2013-10-21,37,IBES,lnnumest,point-in-time source coverage receipt plus required covariate facts,EXTERNAL_DATA_REQUIRED,AUTHORIZED_POINT_IN_TIME_SOURCE_NOT_LOADED
2013-10-21,retrospective-samplefirms:2013-10-21,37,TAQ,,point-in-time source coverage receipt plus required covariate facts,EXTERNAL_DATA_REQUIRED,AUTHORIZED_POINT_IN_TIME_SOURCE_NOT_LOADED
2013-10-21,retrospective-samplefirms:2013-10-21,37,RAVENPACK,ln_Story_Count_Relevant,point-in-time source coverage receipt plus required covariate facts,EXTERNAL_DATA_REQUIRED,AUTHORIZED_POINT_IN_TIME_SOURCE_NOT_LOADED
2013-10-21,retrospective-samplefirms:2013-10-21,37,MARKIT,DCBS,point-in-time source coverage receipt plus required covariate facts,EXTERNAL_DATA_REQUIRED,AUTHORIZED_POINT_IN_TIME_SOURCE_NOT_LOADED
2013-10-21,retrospective-samplefirms:2013-10-21,37,OPTIONMETRICS,,point-in-time source coverage receipt plus required covariate facts,EXTERNAL_DATA_REQUIRED,AUTHORIZED_POINT_IN_TIME_SOURCE_NOT_LOADED
2013-10-21,retrospective-samplefirms:2013-10-21,37,THOMSON_REUTERS_13F,IO,point-in-time source coverage receipt plus required covariate facts,EXTERNAL_DATA_REQUIRED,AUTHORIZED_POINT_IN_TIME_SOURCE_NOT_LOADED
2013-10-22,retrospective-samplefirms:2013-10-22,69,CRSP,lnMCAP|Beta_SPY|invPRC,point-in-time source coverage receipt plus required covariate facts,EXTERNAL_DATA_REQUIRED,AUTHORIZED_POINT_IN_TIME_SOURCE_NOT_LOADED
2013-10-22,retrospective-samplefirms:2013-10-22,69,IBES,lnnumest,point-in-time source coverage receipt plus required covariate facts,EXTERNAL_DATA_REQUIRED,AUTHORIZED_POINT_IN_TIME_SOURCE_NOT_LOADED
2013-10-22,retrospective-samplefirms:2013-10-22,69,TAQ,,point-in-time source coverage receipt plus required covariate facts,EXTERNAL_DATA_REQUIRED,AUTHORIZED_POINT_IN_TIME_SOURCE_NOT_LOADED
2013-10-22,retrospective-samplefirms:2013-10-22,69,RAVENPACK,ln_Story_Count_Relevant,point-in-time source coverage receipt plus required covariate facts,EXTERNAL_DATA_REQUIRED,AUTHORIZED_POINT_IN_TIME_SOURCE_NOT_LOADED
2013-10-22,retrospective-samplefirms:2013-10-22,69,MARKIT,DCBS,point-in-time source coverage receipt plus required covariate facts,EXTERNAL_DATA_REQUIRED,AUTHORIZED_POINT_IN_TIME_SOURCE_NOT_LOADED
2013-10-22,retrospective-samplefirms:2013-10-22,69,OPTIONMETRICS,,point-in-time source coverage receipt plus required covariate facts,EXTERNAL_DATA_REQUIRED,AUTHORIZED_POINT_IN_TIME_SOURCE_NOT_LOADED
2013-10-22,retrospective-samplefirms:2013-10-22,69,THOMSON_REUTERS_13F,IO,point-in-time source coverage receipt plus required covariate facts,EXTERNAL_DATA_REQUIRED,AUTHORIZED_POINT_IN_TIME_SOURCE_NOT_LOADED
2014-12-10,retrospective-samplefirms:2014-12-10,13,CRSP,lnMCAP|Beta_SPY|invPRC,point-in-time source coverage receipt plus required covariate facts,EXTERNAL_DATA_REQUIRED,AUTHORIZED_POINT_IN_TIME_SOURCE_NOT_LOADED
2014-12-10,retrospective-samplefirms:2014-12-10,13,IBES,lnnumest,point-in-time source coverage receipt plus required covariate facts,EXTERNAL_DATA_REQUIRED,AUTHORIZED_POINT_IN_TIME_SOURCE_NOT_LOADED
2014-12-10,retrospective-samplefirms:2014-12-10,13,TAQ,,point-in-time source coverage receipt plus required covariate facts,EXTERNAL_DATA_REQUIRED,AUTHORIZED_POINT_IN_TIME_SOURCE_NOT_LOADED
2014-12-10,retrospective-samplefirms:2014-12-10,13,RAVENPACK,ln_Story_Count_Relevant,point-in-time source coverage receipt plus required covariate facts,EXTERNAL_DATA_REQUIRED,AUTHORIZED_POINT_IN_TIME_SOURCE_NOT_LOADED
2014-12-10,retrospective-samplefirms:2014-12-10,13,MARKIT,DCBS,point-in-time source coverage receipt plus required covariate facts,EXTERNAL_DATA_REQUIRED,AUTHORIZED_POINT_IN_TIME_SOURCE_NOT_LOADED
2014-12-10,retrospective-samplefirms:2014-12-10,13,OPTIONMETRICS,,point-in-time source coverage receipt plus required covariate facts,EXTERNAL_DATA_REQUIRED,AUTHORIZED_POINT_IN_TIME_SOURCE_NOT_LOADED
2014-12-10,retrospective-samplefirms:2014-12-10,13,THOMSON_REUTERS_13F,IO,point-in-time source coverage receipt plus required covariate facts,EXTERNAL_DATA_REQUIRED,AUTHORIZED_POINT_IN_TIME_SOURCE_NOT_LOADED
2014-12-15,retrospective-samplefirms:2014-12-15,3,CRSP,lnMCAP|Beta_SPY|invPRC,point-in-time source coverage receipt plus required covariate facts,EXTERNAL_DATA_REQUIRED,AUTHORIZED_POINT_IN_TIME_SOURCE_NOT_LOADED
2014-12-15,retrospective-samplefirms:2014-12-15,3,IBES,lnnumest,point-in-time source coverage receipt plus required covariate facts,EXTERNAL_DATA_REQUIRED,AUTHORIZED_POINT_IN_TIME_SOURCE_NOT_LOADED
2014-12-15,retrospective-samplefirms:2014-12-15,3,TAQ,,point-in-time source coverage receipt plus required covariate facts,EXTERNAL_DATA_REQUIRED,AUTHORIZED_POINT_IN_TIME_SOURCE_NOT_LOADED
2014-12-15,retrospective-samplefirms:2014-12-15,3,RAVENPACK,ln_Story_Count_Relevant,point-in-time source coverage receipt plus required covariate facts,EXTERNAL_DATA_REQUIRED,AUTHORIZED_POINT_IN_TIME_SOURCE_NOT_LOADED
2014-12-15,retrospective-samplefirms:2014-12-15,3,MARKIT,DCBS,point-in-time source coverage receipt plus required covariate facts,EXTERNAL_DATA_REQUIRED,AUTHORIZED_POINT_IN_TIME_SOURCE_NOT_LOADED
2014-12-15,retrospective-samplefirms:2014-12-15,3,OPTIONMETRICS,,point-in-time source coverage receipt plus required covariate facts,EXTERNAL_DATA_REQUIRED,AUTHORIZED_POINT_IN_TIME_SOURCE_NOT_LOADED
2014-12-15,retrospective-samplefirms:2014-12-15,3,THOMSON_REUTERS_13F,IO,point-in-time source coverage receipt plus required covariate facts,EXTERNAL_DATA_REQUIRED,AUTHORIZED_POINT_IN_TIME_SOURCE_NOT_LOADED
2015-01-20,retrospective-samplefirms:2015-01-20,14,CRSP,lnMCAP|Beta_SPY|invPRC,point-in-time source coverage receipt plus required covariate facts,EXTERNAL_DATA_REQUIRED,AUTHORIZED_POINT_IN_TIME_SOURCE_NOT_LOADED
2015-01-20,retrospective-samplefirms:2015-01-20,14,IBES,lnnumest,point-in-time source coverage receipt plus required covariate facts,EXTERNAL_DATA_REQUIRED,AUTHORIZED_POINT_IN_TIME_SOURCE_NOT_LOADED
2015-01-20,retrospective-samplefirms:2015-01-20,14,TAQ,,point-in-time source coverage receipt plus required covariate facts,EXTERNAL_DATA_REQUIRED,AUTHORIZED_POINT_IN_TIME_SOURCE_NOT_LOADED
2015-01-20,retrospective-samplefirms:2015-01-20,14,RAVENPACK,ln_Story_Count_Relevant,point-in-time source coverage receipt plus required covariate facts,EXTERNAL_DATA_REQUIRED,AUTHORIZED_POINT_IN_TIME_SOURCE_NOT_LOADED
2015-01-20,retrospective-samplefirms:2015-01-20,14,MARKIT,DCBS,point-in-time source coverage receipt plus required covariate facts,EXTERNAL_DATA_REQUIRED,AUTHORIZED_POINT_IN_TIME_SOURCE_NOT_LOADED
2015-01-20,retrospective-samplefirms:2015-01-20,14,OPTIONMETRICS,,point-in-time source coverage receipt plus required covariate facts,EXTERNAL_DATA_REQUIRED,AUTHORIZED_POINT_IN_TIME_SOURCE_NOT_LOADED
2015-01-20,retrospective-samplefirms:2015-01-20,14,THOMSON_REUTERS_13F,IO,point-in-time source coverage receipt plus required covariate facts,EXTERNAL_DATA_REQUIRED,AUTHORIZED_POINT_IN_TIME_SOURCE_NOT_LOADED
2015-01-21,retrospective-samplefirms:2015-01-21,8,CRSP,lnMCAP|Beta_SPY|invPRC,point-in-time source coverage receipt plus required covariate facts,EXTERNAL_DATA_REQUIRED,AUTHORIZED_POINT_IN_TIME_SOURCE_NOT_LOADED
2015-01-21,retrospective-samplefirms:2015-01-21,8,IBES,lnnumest,point-in-time source coverage receipt plus required covariate facts,EXTERNAL_DATA_REQUIRED,AUTHORIZED_POINT_IN_TIME_SOURCE_NOT_LOADED
2015-01-21,retrospective-samplefirms:2015-01-21,8,TAQ,,point-in-time source coverage receipt plus required covariate facts,EXTERNAL_DATA_REQUIRED,AUTHORIZED_POINT_IN_TIME_SOURCE_NOT_LOADED
2015-01-21,retrospective-samplefirms:2015-01-21,8,RAVENPACK,ln_Story_Count_Relevant,point-in-time source coverage receipt plus required covariate facts,EXTERNAL_DATA_REQUIRED,AUTHORIZED_POINT_IN_TIME_SOURCE_NOT_LOADED
2015-01-21,retrospective-samplefirms:2015-01-21,8,MARKIT,DCBS,point-in-time source coverage receipt plus required covariate facts,EXTERNAL_DATA_REQUIRED,AUTHORIZED_POINT_IN_TIME_SOURCE_NOT_LOADED
2015-01-21,retrospective-samplefirms:2015-01-21,8,OPTIONMETRICS,,point-in-time source coverage receipt plus required covariate facts,EXTERNAL_DATA_REQUIRED,AUTHORIZED_POINT_IN_TIME_SOURCE_NOT_LOADED
2015-01-21,retrospective-samplefirms:2015-01-21,8,THOMSON_REUTERS_13F,IO,point-in-time source coverage receipt plus required covariate facts,EXTERNAL_DATA_REQUIRED,AUTHORIZED_POINT_IN_TIME_SOURCE_NOT_LOADED
2015-01-22,retrospective-samplefirms:2015-01-22,27,CRSP,lnMCAP|Beta_SPY|invPRC,point-in-time source coverage receipt plus required covariate facts,EXTERNAL_DATA_REQUIRED,AUTHORIZED_POINT_IN_TIME_SOURCE_NOT_LOADED
2015-01-22,retrospective-samplefirms:2015-01-22,27,IBES,lnnumest,point-in-time source coverage receipt plus required covariate facts,EXTERNAL_DATA_REQUIRED,AUTHORIZED_POINT_IN_TIME_SOURCE_NOT_LOADED
2015-01-22,retrospective-samplefirms:2015-01-22,27,TAQ,,point-in-time source coverage receipt plus required covariate facts,EXTERNAL_DATA_REQUIRED,AUTHORIZED_POINT_IN_TIME_SOURCE_NOT_LOADED
2015-01-22,retrospective-samplefirms:2015-01-22,27,RAVENPACK,ln_Story_Count_Relevant,point-in-time source coverage receipt plus required covariate facts,EXTERNAL_DATA_REQUIRED,AUTHORIZED_POINT_IN_TIME_SOURCE_NOT_LOADED
2015-01-22,retrospective-samplefirms:2015-01-22,27,MARKIT,DCBS,point-in-time source coverage receipt plus required covariate facts,EXTERNAL_DATA_REQUIRED,AUTHORIZED_POINT_IN_TIME_SOURCE_NOT_LOADED
2015-01-22,retrospective-samplefirms:2015-01-22,27,OPTIONMETRICS,,point-in-time source coverage receipt plus required covariate facts,EXTERNAL_DATA_REQUIRED,AUTHORIZED_POINT_IN_TIME_SOURCE_NOT_LOADED
2015-01-22,retrospective-samplefirms:2015-01-22,27,THOMSON_REUTERS_13F,IO,point-in-time source coverage receipt plus required covariate facts,EXTERNAL_DATA_REQUIRED,AUTHORIZED_POINT_IN_TIME_SOURCE_NOT_LOADED
2015-01-27,retrospective-samplefirms:2015-01-27,37,CRSP,lnMCAP|Beta_SPY|invPRC,point-in-time source coverage receipt plus required covariate facts,EXTERNAL_DATA_REQUIRED,AUTHORIZED_POINT_IN_TIME_SOURCE_NOT_LOADED
2015-01-27,retrospective-samplefirms:2015-01-27,37,IBES,lnnumest,point-in-time source coverage receipt plus required covariate facts,EXTERNAL_DATA_REQUIRED,AUTHORIZED_POINT_IN_TIME_SOURCE_NOT_LOADED
2015-01-27,retrospective-samplefirms:2015-01-27,37,TAQ,,point-in-time source coverage receipt plus required covariate facts,EXTERNAL_DATA_REQUIRED,AUTHORIZED_POINT_IN_TIME_SOURCE_NOT_LOADED
2015-01-27,retrospective-samplefirms:2015-01-27,37,RAVENPACK,ln_Story_Count_Relevant,point-in-time source coverage receipt plus required covariate facts,EXTERNAL_DATA_REQUIRED,AUTHORIZED_POINT_IN_TIME_SOURCE_NOT_LOADED
2015-01-27,retrospective-samplefirms:2015-01-27,37,MARKIT,DCBS,point-in-time source coverage receipt plus required covariate facts,EXTERNAL_DATA_REQUIRED,AUTHORIZED_POINT_IN_TIME_SOURCE_NOT_LOADED
2015-01-27,retrospective-samplefirms:2015-01-27,37,OPTIONMETRICS,,point-in-time source coverage receipt plus required covariate facts,EXTERNAL_DATA_REQUIRED,AUTHORIZED_POINT_IN_TIME_SOURCE_NOT_LOADED
2015-01-27,retrospective-samplefirms:2015-01-27,37,THOMSON_REUTERS_13F,IO,point-in-time source coverage receipt plus required covariate facts,EXTERNAL_DATA_REQUIRED,AUTHORIZED_POINT_IN_TIME_SOURCE_NOT_LOADED
2015-01-28,retrospective-samplefirms:2015-01-28,43,CRSP,lnMCAP|Beta_SPY|invPRC,point-in-time source coverage receipt plus required covariate facts,EXTERNAL_DATA_REQUIRED,AUTHORIZED_POINT_IN_TIME_SOURCE_NOT_LOADED
2015-01-28,retrospective-samplefirms:2015-01-28,43,IBES,lnnumest,point-in-time source coverage receipt plus required covariate facts,EXTERNAL_DATA_REQUIRED,AUTHORIZED_POINT_IN_TIME_SOURCE_NOT_LOADED
2015-01-28,retrospective-samplefirms:2015-01-28,43,TAQ,,point-in-time source coverage receipt plus required covariate facts,EXTERNAL_DATA_REQUIRED,AUTHORIZED_POINT_IN_TIME_SOURCE_NOT_LOADED
2015-01-28,retrospective-samplefirms:2015-01-28,43,RAVENPACK,ln_Story_Count_Relevant,point-in-time source coverage receipt plus required covariate facts,EXTERNAL_DATA_REQUIRED,AUTHORIZED_POINT_IN_TIME_SOURCE_NOT_LOADED
2015-01-28,retrospective-samplefirms:2015-01-28,43,MARKIT,DCBS,point-in-time source coverage receipt plus required covariate facts,EXTERNAL_DATA_REQUIRED,AUTHORIZED_POINT_IN_TIME_SOURCE_NOT_LOADED
2015-01-28,retrospective-samplefirms:2015-01-28,43,OPTIONMETRICS,,point-in-time source coverage receipt plus required covariate facts,EXTERNAL_DATA_REQUIRED,AUTHORIZED_POINT_IN_TIME_SOURCE_NOT_LOADED
2015-01-28,retrospective-samplefirms:2015-01-28,43,THOMSON_REUTERS_13F,IO,point-in-time source coverage receipt plus required covariate facts,EXTERNAL_DATA_REQUIRED,AUTHORIZED_POINT_IN_TIME_SOURCE_NOT_LOADED
2015-01-29,retrospective-samplefirms:2015-01-29,62,CRSP,lnMCAP|Beta_SPY|invPRC,point-in-time source coverage receipt plus required covariate facts,EXTERNAL_DATA_REQUIRED,AUTHORIZED_POINT_IN_TIME_SOURCE_NOT_LOADED
2015-01-29,retrospective-samplefirms:2015-01-29,62,IBES,lnnumest,point-in-time source coverage receipt plus required covariate facts,EXTERNAL_DATA_REQUIRED,AUTHORIZED_POINT_IN_TIME_SOURCE_NOT_LOADED
2015-01-29,retrospective-samplefirms:2015-01-29,62,TAQ,,point-in-time source coverage receipt plus required covariate facts,EXTERNAL_DATA_REQUIRED,AUTHORIZED_POINT_IN_TIME_SOURCE_NOT_LOADED
2015-01-29,retrospective-samplefirms:2015-01-29,62,RAVENPACK,ln_Story_Count_Relevant,point-in-time source coverage receipt plus required covariate facts,EXTERNAL_DATA_REQUIRED,AUTHORIZED_POINT_IN_TIME_SOURCE_NOT_LOADED
2015-01-29,retrospective-samplefirms:2015-01-29,62,MARKIT,DCBS,point-in-time source coverage receipt plus required covariate facts,EXTERNAL_DATA_REQUIRED,AUTHORIZED_POINT_IN_TIME_SOURCE_NOT_LOADED
2015-01-29,retrospective-samplefirms:2015-01-29,62,OPTIONMETRICS,,point-in-time source coverage receipt plus required covariate facts,EXTERNAL_DATA_REQUIRED,AUTHORIZED_POINT_IN_TIME_SOURCE_NOT_LOADED
2015-01-29,retrospective-samplefirms:2015-01-29,62,THOMSON_REUTERS_13F,IO,point-in-time source coverage receipt plus required covariate facts,EXTERNAL_DATA_REQUIRED,AUTHORIZED_POINT_IN_TIME_SOURCE_NOT_LOADED
2015-02-02,retrospective-samplefirms:2015-02-02,8,CRSP,lnMCAP|Beta_SPY|invPRC,point-in-time source coverage receipt plus required covariate facts,EXTERNAL_DATA_REQUIRED,AUTHORIZED_POINT_IN_TIME_SOURCE_NOT_LOADED
2015-02-02,retrospective-samplefirms:2015-02-02,8,IBES,lnnumest,point-in-time source coverage receipt plus required covariate facts,EXTERNAL_DATA_REQUIRED,AUTHORIZED_POINT_IN_TIME_SOURCE_NOT_LOADED
2015-02-02,retrospective-samplefirms:2015-02-02,8,TAQ,,point-in-time source coverage receipt plus required covariate facts,EXTERNAL_DATA_REQUIRED,AUTHORIZED_POINT_IN_TIME_SOURCE_NOT_LOADED
2015-02-02,retrospective-samplefirms:2015-02-02,8,RAVENPACK,ln_Story_Count_Relevant,point-in-time source coverage receipt plus required covariate facts,EXTERNAL_DATA_REQUIRED,AUTHORIZED_POINT_IN_TIME_SOURCE_NOT_LOADED
2015-02-02,retrospective-samplefirms:2015-02-02,8,MARKIT,DCBS,point-in-time source coverage receipt plus required covariate facts,EXTERNAL_DATA_REQUIRED,AUTHORIZED_POINT_IN_TIME_SOURCE_NOT_LOADED
2015-02-02,retrospective-samplefirms:2015-02-02,8,OPTIONMETRICS,,point-in-time source coverage receipt plus required covariate facts,EXTERNAL_DATA_REQUIRED,AUTHORIZED_POINT_IN_TIME_SOURCE_NOT_LOADED
2015-02-02,retrospective-samplefirms:2015-02-02,8,THOMSON_REUTERS_13F,IO,point-in-time source coverage receipt plus required covariate facts,EXTERNAL_DATA_REQUIRED,AUTHORIZED_POINT_IN_TIME_SOURCE_NOT_LOADED
2015-02-03,retrospective-samplefirms:2015-02-03,28,CRSP,lnMCAP|Beta_SPY|invPRC,point-in-time source coverage receipt plus required covariate facts,EXTERNAL_DATA_REQUIRED,AUTHORIZED_POINT_IN_TIME_SOURCE_NOT_LOADED
2015-02-03,retrospective-samplefirms:2015-02-03,28,IBES,lnnumest,point-in-time source coverage receipt plus required covariate facts,EXTERNAL_DATA_REQUIRED,AUTHORIZED_POINT_IN_TIME_SOURCE_NOT_LOADED
2015-02-03,retrospective-samplefirms:2015-02-03,28,TAQ,,point-in-time source coverage receipt plus required covariate facts,EXTERNAL_DATA_REQUIRED,AUTHORIZED_POINT_IN_TIME_SOURCE_NOT_LOADED
2015-02-03,retrospective-samplefirms:2015-02-03,28,RAVENPACK,ln_Story_Count_Relevant,point-in-time source coverage receipt plus required covariate facts,EXTERNAL_DATA_REQUIRED,AUTHORIZED_POINT_IN_TIME_SOURCE_NOT_LOADED
2015-02-03,retrospective-samplefirms:2015-02-03,28,MARKIT,DCBS,point-in-time source coverage receipt plus required covariate facts,EXTERNAL_DATA_REQUIRED,AUTHORIZED_POINT_IN_TIME_SOURCE_NOT_LOADED
2015-02-03,retrospective-samplefirms:2015-02-03,28,OPTIONMETRICS,,point-in-time source coverage receipt plus required covariate facts,EXTERNAL_DATA_REQUIRED,AUTHORIZED_POINT_IN_TIME_SOURCE_NOT_LOADED
2015-02-03,retrospective-samplefirms:2015-02-03,28,THOMSON_REUTERS_13F,IO,point-in-time source coverage receipt plus required covariate facts,EXTERNAL_DATA_REQUIRED,AUTHORIZED_POINT_IN_TIME_SOURCE_NOT_LOADED
2015-02-04,retrospective-samplefirms:2015-02-04,36,CRSP,lnMCAP|Beta_SPY|invPRC,point-in-time source coverage receipt plus required covariate facts,EXTERNAL_DATA_REQUIRED,AUTHORIZED_POINT_IN_TIME_SOURCE_NOT_LOADED
2015-02-04,retrospective-samplefirms:2015-02-04,36,IBES,lnnumest,point-in-time source coverage receipt plus required covariate facts,EXTERNAL_DATA_REQUIRED,AUTHORIZED_POINT_IN_TIME_SOURCE_NOT_LOADED
2015-02-04,retrospective-samplefirms:2015-02-04,36,TAQ,,point-in-time source coverage receipt plus required covariate facts,EXTERNAL_DATA_REQUIRED,AUTHORIZED_POINT_IN_TIME_SOURCE_NOT_LOADED
2015-02-04,retrospective-samplefirms:2015-02-04,36,RAVENPACK,ln_Story_Count_Relevant,point-in-time source coverage receipt plus required covariate facts,EXTERNAL_DATA_REQUIRED,AUTHORIZED_POINT_IN_TIME_SOURCE_NOT_LOADED
2015-02-04,retrospective-samplefirms:2015-02-04,36,MARKIT,DCBS,point-in-time source coverage receipt plus required covariate facts,EXTERNAL_DATA_REQUIRED,AUTHORIZED_POINT_IN_TIME_SOURCE_NOT_LOADED
2015-02-04,retrospective-samplefirms:2015-02-04,36,OPTIONMETRICS,,point-in-time source coverage receipt plus required covariate facts,EXTERNAL_DATA_REQUIRED,AUTHORIZED_POINT_IN_TIME_SOURCE_NOT_LOADED
2015-02-04,retrospective-samplefirms:2015-02-04,36,THOMSON_REUTERS_13F,IO,point-in-time source coverage receipt plus required covariate facts,EXTERNAL_DATA_REQUIRED,AUTHORIZED_POINT_IN_TIME_SOURCE_NOT_LOADED
2015-02-05,retrospective-samplefirms:2015-02-05,42,CRSP,lnMCAP|Beta_SPY|invPRC,point-in-time source coverage receipt plus required covariate facts,EXTERNAL_DATA_REQUIRED,AUTHORIZED_POINT_IN_TIME_SOURCE_NOT_LOADED
2015-02-05,retrospective-samplefirms:2015-02-05,42,IBES,lnnumest,point-in-time source coverage receipt plus required covariate facts,EXTERNAL_DATA_REQUIRED,AUTHORIZED_POINT_IN_TIME_SOURCE_NOT_LOADED
2015-02-05,retrospective-samplefirms:2015-02-05,42,TAQ,,point-in-time source coverage receipt plus required covariate facts,EXTERNAL_DATA_REQUIRED,AUTHORIZED_POINT_IN_TIME_SOURCE_NOT_LOADED
2015-02-05,retrospective-samplefirms:2015-02-05,42,RAVENPACK,ln_Story_Count_Relevant,point-in-time source coverage receipt plus required covariate facts,EXTERNAL_DATA_REQUIRED,AUTHORIZED_POINT_IN_TIME_SOURCE_NOT_LOADED
2015-02-05,retrospective-samplefirms:2015-02-05,42,MARKIT,DCBS,point-in-time source coverage receipt plus required covariate facts,EXTERNAL_DATA_REQUIRED,AUTHORIZED_POINT_IN_TIME_SOURCE_NOT_LOADED
2015-02-05,retrospective-samplefirms:2015-02-05,42,OPTIONMETRICS,,point-in-time source coverage receipt plus required covariate facts,EXTERNAL_DATA_REQUIRED,AUTHORIZED_POINT_IN_TIME_SOURCE_NOT_LOADED
2015-02-05,retrospective-samplefirms:2015-02-05,42,THOMSON_REUTERS_13F,IO,point-in-time source coverage receipt plus required covariate facts,EXTERNAL_DATA_REQUIRED,AUTHORIZED_POINT_IN_TIME_SOURCE_NOT_LOADED
2015-02-10,retrospective-samplefirms:2015-02-10,24,CRSP,lnMCAP|Beta_SPY|invPRC,point-in-time source coverage receipt plus required covariate facts,EXTERNAL_DATA_REQUIRED,AUTHORIZED_POINT_IN_TIME_SOURCE_NOT_LOADED
2015-02-10,retrospective-samplefirms:2015-02-10,24,IBES,lnnumest,point-in-time source coverage receipt plus required covariate facts,EXTERNAL_DATA_REQUIRED,AUTHORIZED_POINT_IN_TIME_SOURCE_NOT_LOADED
2015-02-10,retrospective-samplefirms:2015-02-10,24,TAQ,,point-in-time source coverage receipt plus required covariate facts,EXTERNAL_DATA_REQUIRED,AUTHORIZED_POINT_IN_TIME_SOURCE_NOT_LOADED
2015-02-10,retrospective-samplefirms:2015-02-10,24,RAVENPACK,ln_Story_Count_Relevant,point-in-time source coverage receipt plus required covariate facts,EXTERNAL_DATA_REQUIRED,AUTHORIZED_POINT_IN_TIME_SOURCE_NOT_LOADED
2015-02-10,retrospective-samplefirms:2015-02-10,24,MARKIT,DCBS,point-in-time source coverage receipt plus required covariate facts,EXTERNAL_DATA_REQUIRED,AUTHORIZED_POINT_IN_TIME_SOURCE_NOT_LOADED
2015-02-10,retrospective-samplefirms:2015-02-10,24,OPTIONMETRICS,,point-in-time source coverage receipt plus required covariate facts,EXTERNAL_DATA_REQUIRED,AUTHORIZED_POINT_IN_TIME_SOURCE_NOT_LOADED
2015-02-10,retrospective-samplefirms:2015-02-10,24,THOMSON_REUTERS_13F,IO,point-in-time source coverage receipt plus required covariate facts,EXTERNAL_DATA_REQUIRED,AUTHORIZED_POINT_IN_TIME_SOURCE_NOT_LOADED
2015-02-11,retrospective-samplefirms:2015-02-11,31,CRSP,lnMCAP|Beta_SPY|invPRC,point-in-time source coverage receipt plus required covariate facts,EXTERNAL_DATA_REQUIRED,AUTHORIZED_POINT_IN_TIME_SOURCE_NOT_LOADED
2015-02-11,retrospective-samplefirms:2015-02-11,31,IBES,lnnumest,point-in-time source coverage receipt plus required covariate facts,EXTERNAL_DATA_REQUIRED,AUTHORIZED_POINT_IN_TIME_SOURCE_NOT_LOADED
2015-02-11,retrospective-samplefirms:2015-02-11,31,TAQ,,point-in-time source coverage receipt plus required covariate facts,EXTERNAL_DATA_REQUIRED,AUTHORIZED_POINT_IN_TIME_SOURCE_NOT_LOADED
2015-02-11,retrospective-samplefirms:2015-02-11,31,RAVENPACK,ln_Story_Count_Relevant,point-in-time source coverage receipt plus required covariate facts,EXTERNAL_DATA_REQUIRED,AUTHORIZED_POINT_IN_TIME_SOURCE_NOT_LOADED
2015-02-11,retrospective-samplefirms:2015-02-11,31,MARKIT,DCBS,point-in-time source coverage receipt plus required covariate facts,EXTERNAL_DATA_REQUIRED,AUTHORIZED_POINT_IN_TIME_SOURCE_NOT_LOADED
2015-02-11,retrospective-samplefirms:2015-02-11,31,OPTIONMETRICS,,point-in-time source coverage receipt plus required covariate facts,EXTERNAL_DATA_REQUIRED,AUTHORIZED_POINT_IN_TIME_SOURCE_NOT_LOADED
2015-02-11,retrospective-samplefirms:2015-02-11,31,THOMSON_REUTERS_13F,IO,point-in-time source coverage receipt plus required covariate facts,EXTERNAL_DATA_REQUIRED,AUTHORIZED_POINT_IN_TIME_SOURCE_NOT_LOADED
2015-02-12,retrospective-samplefirms:2015-02-12,34,CRSP,lnMCAP|Beta_SPY|invPRC,point-in-time source coverage receipt plus required covariate facts,EXTERNAL_DATA_REQUIRED,AUTHORIZED_POINT_IN_TIME_SOURCE_NOT_LOADED
2015-02-12,retrospective-samplefirms:2015-02-12,34,IBES,lnnumest,point-in-time source coverage receipt plus required covariate facts,EXTERNAL_DATA_REQUIRED,AUTHORIZED_POINT_IN_TIME_SOURCE_NOT_LOADED
2015-02-12,retrospective-samplefirms:2015-02-12,34,TAQ,,point-in-time source coverage receipt plus required covariate facts,EXTERNAL_DATA_REQUIRED,AUTHORIZED_POINT_IN_TIME_SOURCE_NOT_LOADED
2015-02-12,retrospective-samplefirms:2015-02-12,34,RAVENPACK,ln_Story_Count_Relevant,point-in-time source coverage receipt plus required covariate facts,EXTERNAL_DATA_REQUIRED,AUTHORIZED_POINT_IN_TIME_SOURCE_NOT_LOADED
2015-02-12,retrospective-samplefirms:2015-02-12,34,MARKIT,DCBS,point-in-time source coverage receipt plus required covariate facts,EXTERNAL_DATA_REQUIRED,AUTHORIZED_POINT_IN_TIME_SOURCE_NOT_LOADED
2015-02-12,retrospective-samplefirms:2015-02-12,34,OPTIONMETRICS,,point-in-time source coverage receipt plus required covariate facts,EXTERNAL_DATA_REQUIRED,AUTHORIZED_POINT_IN_TIME_SOURCE_NOT_LOADED
2015-02-12,retrospective-samplefirms:2015-02-12,34,THOMSON_REUTERS_13F,IO,point-in-time source coverage receipt plus required covariate facts,EXTERNAL_DATA_REQUIRED,AUTHORIZED_POINT_IN_TIME_SOURCE_NOT_LOADED
2015-02-17,retrospective-samplefirms:2015-02-17,16,CRSP,lnMCAP|Beta_SPY|invPRC,point-in-time source coverage receipt plus required covariate facts,EXTERNAL_DATA_REQUIRED,AUTHORIZED_POINT_IN_TIME_SOURCE_NOT_LOADED
2015-02-17,retrospective-samplefirms:2015-02-17,16,IBES,lnnumest,point-in-time source coverage receipt plus required covariate facts,EXTERNAL_DATA_REQUIRED,AUTHORIZED_POINT_IN_TIME_SOURCE_NOT_LOADED
2015-02-17,retrospective-samplefirms:2015-02-17,16,TAQ,,point-in-time source coverage receipt plus required covariate facts,EXTERNAL_DATA_REQUIRED,AUTHORIZED_POINT_IN_TIME_SOURCE_NOT_LOADED
2015-02-17,retrospective-samplefirms:2015-02-17,16,RAVENPACK,ln_Story_Count_Relevant,point-in-time source coverage receipt plus required covariate facts,EXTERNAL_DATA_REQUIRED,AUTHORIZED_POINT_IN_TIME_SOURCE_NOT_LOADED
2015-02-17,retrospective-samplefirms:2015-02-17,16,MARKIT,DCBS,point-in-time source coverage receipt plus required covariate facts,EXTERNAL_DATA_REQUIRED,AUTHORIZED_POINT_IN_TIME_SOURCE_NOT_LOADED
2015-02-17,retrospective-samplefirms:2015-02-17,16,OPTIONMETRICS,,point-in-time source coverage receipt plus required covariate facts,EXTERNAL_DATA_REQUIRED,AUTHORIZED_POINT_IN_TIME_SOURCE_NOT_LOADED
2015-02-17,retrospective-samplefirms:2015-02-17,16,THOMSON_REUTERS_13F,IO,point-in-time source coverage receipt plus required covariate facts,EXTERNAL_DATA_REQUIRED,AUTHORIZED_POINT_IN_TIME_SOURCE_NOT_LOADED
2015-02-18,retrospective-samplefirms:2015-02-18,22,CRSP,lnMCAP|Beta_SPY|invPRC,point-in-time source coverage receipt plus required covariate facts,EXTERNAL_DATA_REQUIRED,AUTHORIZED_POINT_IN_TIME_SOURCE_NOT_LOADED
2015-02-18,retrospective-samplefirms:2015-02-18,22,IBES,lnnumest,point-in-time source coverage receipt plus required covariate facts,EXTERNAL_DATA_REQUIRED,AUTHORIZED_POINT_IN_TIME_SOURCE_NOT_LOADED
2015-02-18,retrospective-samplefirms:2015-02-18,22,TAQ,,point-in-time source coverage receipt plus required covariate facts,EXTERNAL_DATA_REQUIRED,AUTHORIZED_POINT_IN_TIME_SOURCE_NOT_LOADED
2015-02-18,retrospective-samplefirms:2015-02-18,22,RAVENPACK,ln_Story_Count_Relevant,point-in-time source coverage receipt plus required covariate facts,EXTERNAL_DATA_REQUIRED,AUTHORIZED_POINT_IN_TIME_SOURCE_NOT_LOADED
2015-02-18,retrospective-samplefirms:2015-02-18,22,MARKIT,DCBS,point-in-time source coverage receipt plus required covariate facts,EXTERNAL_DATA_REQUIRED,AUTHORIZED_POINT_IN_TIME_SOURCE_NOT_LOADED
2015-02-18,retrospective-samplefirms:2015-02-18,22,OPTIONMETRICS,,point-in-time source coverage receipt plus required covariate facts,EXTERNAL_DATA_REQUIRED,AUTHORIZED_POINT_IN_TIME_SOURCE_NOT_LOADED
2015-02-18,retrospective-samplefirms:2015-02-18,22,THOMSON_REUTERS_13F,IO,point-in-time source coverage receipt plus required covariate facts,EXTERNAL_DATA_REQUIRED,AUTHORIZED_POINT_IN_TIME_SOURCE_NOT_LOADED
2015-02-19,retrospective-samplefirms:2015-02-19,25,CRSP,lnMCAP|Beta_SPY|invPRC,point-in-time source coverage receipt plus required covariate facts,EXTERNAL_DATA_REQUIRED,AUTHORIZED_POINT_IN_TIME_SOURCE_NOT_LOADED
2015-02-19,retrospective-samplefirms:2015-02-19,25,IBES,lnnumest,point-in-time source coverage receipt plus required covariate facts,EXTERNAL_DATA_REQUIRED,AUTHORIZED_POINT_IN_TIME_SOURCE_NOT_LOADED
2015-02-19,retrospective-samplefirms:2015-02-19,25,TAQ,,point-in-time source coverage receipt plus required covariate facts,EXTERNAL_DATA_REQUIRED,AUTHORIZED_POINT_IN_TIME_SOURCE_NOT_LOADED
2015-02-19,retrospective-samplefirms:2015-02-19,25,RAVENPACK,ln_Story_Count_Relevant,point-in-time source coverage receipt plus required covariate facts,EXTERNAL_DATA_REQUIRED,AUTHORIZED_POINT_IN_TIME_SOURCE_NOT_LOADED
2015-02-19,retrospective-samplefirms:2015-02-19,25,MARKIT,DCBS,point-in-time source coverage receipt plus required covariate facts,EXTERNAL_DATA_REQUIRED,AUTHORIZED_POINT_IN_TIME_SOURCE_NOT_LOADED
2015-02-19,retrospective-samplefirms:2015-02-19,25,OPTIONMETRICS,,point-in-time source coverage receipt plus required covariate facts,EXTERNAL_DATA_REQUIRED,AUTHORIZED_POINT_IN_TIME_SOURCE_NOT_LOADED
2015-02-19,retrospective-samplefirms:2015-02-19,25,THOMSON_REUTERS_13F,IO,point-in-time source coverage receipt plus required covariate facts,EXTERNAL_DATA_REQUIRED,AUTHORIZED_POINT_IN_TIME_SOURCE_NOT_LOADED
2015-02-23,retrospective-samplefirms:2015-02-23,9,CRSP,lnMCAP|Beta_SPY|invPRC,point-in-time source coverage receipt plus required covariate facts,EXTERNAL_DATA_REQUIRED,AUTHORIZED_POINT_IN_TIME_SOURCE_NOT_LOADED
2015-02-23,retrospective-samplefirms:2015-02-23,9,IBES,lnnumest,point-in-time source coverage receipt plus required covariate facts,EXTERNAL_DATA_REQUIRED,AUTHORIZED_POINT_IN_TIME_SOURCE_NOT_LOADED
2015-02-23,retrospective-samplefirms:2015-02-23,9,TAQ,,point-in-time source coverage receipt plus required covariate facts,EXTERNAL_DATA_REQUIRED,AUTHORIZED_POINT_IN_TIME_SOURCE_NOT_LOADED
2015-02-23,retrospective-samplefirms:2015-02-23,9,RAVENPACK,ln_Story_Count_Relevant,point-in-time source coverage receipt plus required covariate facts,EXTERNAL_DATA_REQUIRED,AUTHORIZED_POINT_IN_TIME_SOURCE_NOT_LOADED
2015-02-23,retrospective-samplefirms:2015-02-23,9,MARKIT,DCBS,point-in-time source coverage receipt plus required covariate facts,EXTERNAL_DATA_REQUIRED,AUTHORIZED_POINT_IN_TIME_SOURCE_NOT_LOADED
2015-02-23,retrospective-samplefirms:2015-02-23,9,OPTIONMETRICS,,point-in-time source coverage receipt plus required covariate facts,EXTERNAL_DATA_REQUIRED,AUTHORIZED_POINT_IN_TIME_SOURCE_NOT_LOADED
2015-02-23,retrospective-samplefirms:2015-02-23,9,THOMSON_REUTERS_13F,IO,point-in-time source coverage receipt plus required covariate facts,EXTERNAL_DATA_REQUIRED,AUTHORIZED_POINT_IN_TIME_SOURCE_NOT_LOADED
2015-02-25,retrospective-samplefirms:2015-02-25,30,CRSP,lnMCAP|Beta_SPY|invPRC,point-in-time source coverage receipt plus required covariate facts,EXTERNAL_DATA_REQUIRED,AUTHORIZED_POINT_IN_TIME_SOURCE_NOT_LOADED
2015-02-25,retrospective-samplefirms:2015-02-25,30,IBES,lnnumest,point-in-time source coverage receipt plus required covariate facts,EXTERNAL_DATA_REQUIRED,AUTHORIZED_POINT_IN_TIME_SOURCE_NOT_LOADED
2015-02-25,retrospective-samplefirms:2015-02-25,30,TAQ,,point-in-time source coverage receipt plus required covariate facts,EXTERNAL_DATA_REQUIRED,AUTHORIZED_POINT_IN_TIME_SOURCE_NOT_LOADED
2015-02-25,retrospective-samplefirms:2015-02-25,30,RAVENPACK,ln_Story_Count_Relevant,point-in-time source coverage receipt plus required covariate facts,EXTERNAL_DATA_REQUIRED,AUTHORIZED_POINT_IN_TIME_SOURCE_NOT_LOADED
2015-02-25,retrospective-samplefirms:2015-02-25,30,MARKIT,DCBS,point-in-time source coverage receipt plus required covariate facts,EXTERNAL_DATA_REQUIRED,AUTHORIZED_POINT_IN_TIME_SOURCE_NOT_LOADED
2015-02-25,retrospective-samplefirms:2015-02-25,30,OPTIONMETRICS,,point-in-time source coverage receipt plus required covariate facts,EXTERNAL_DATA_REQUIRED,AUTHORIZED_POINT_IN_TIME_SOURCE_NOT_LOADED
2015-02-25,retrospective-samplefirms:2015-02-25,30,THOMSON_REUTERS_13F,IO,point-in-time source coverage receipt plus required covariate facts,EXTERNAL_DATA_REQUIRED,AUTHORIZED_POINT_IN_TIME_SOURCE_NOT_LOADED
2015-02-26,retrospective-samplefirms:2015-02-26,42,CRSP,lnMCAP|Beta_SPY|invPRC,point-in-time source coverage receipt plus required covariate facts,EXTERNAL_DATA_REQUIRED,AUTHORIZED_POINT_IN_TIME_SOURCE_NOT_LOADED
2015-02-26,retrospective-samplefirms:2015-02-26,42,IBES,lnnumest,point-in-time source coverage receipt plus required covariate facts,EXTERNAL_DATA_REQUIRED,AUTHORIZED_POINT_IN_TIME_SOURCE_NOT_LOADED
2015-02-26,retrospective-samplefirms:2015-02-26,42,TAQ,,point-in-time source coverage receipt plus required covariate facts,EXTERNAL_DATA_REQUIRED,AUTHORIZED_POINT_IN_TIME_SOURCE_NOT_LOADED
2015-02-26,retrospective-samplefirms:2015-02-26,42,RAVENPACK,ln_Story_Count_Relevant,point-in-time source coverage receipt plus required covariate facts,EXTERNAL_DATA_REQUIRED,AUTHORIZED_POINT_IN_TIME_SOURCE_NOT_LOADED
2015-02-26,retrospective-samplefirms:2015-02-26,42,MARKIT,DCBS,point-in-time source coverage receipt plus required covariate facts,EXTERNAL_DATA_REQUIRED,AUTHORIZED_POINT_IN_TIME_SOURCE_NOT_LOADED
2015-02-26,retrospective-samplefirms:2015-02-26,42,OPTIONMETRICS,,point-in-time source coverage receipt plus required covariate facts,EXTERNAL_DATA_REQUIRED,AUTHORIZED_POINT_IN_TIME_SOURCE_NOT_LOADED
2015-02-26,retrospective-samplefirms:2015-02-26,42,THOMSON_REUTERS_13F,IO,point-in-time source coverage receipt plus required covariate facts,EXTERNAL_DATA_REQUIRED,AUTHORIZED_POINT_IN_TIME_SOURCE_NOT_LOADED
2015-03-03,retrospective-samplefirms:2015-03-03,8,CRSP,lnMCAP|Beta_SPY|invPRC,point-in-time source coverage receipt plus required covariate facts,EXTERNAL_DATA_REQUIRED,AUTHORIZED_POINT_IN_TIME_SOURCE_NOT_LOADED
2015-03-03,retrospective-samplefirms:2015-03-03,8,IBES,lnnumest,point-in-time source coverage receipt plus required covariate facts,EXTERNAL_DATA_REQUIRED,AUTHORIZED_POINT_IN_TIME_SOURCE_NOT_LOADED
2015-03-03,retrospective-samplefirms:2015-03-03,8,TAQ,,point-in-time source coverage receipt plus required covariate facts,EXTERNAL_DATA_REQUIRED,AUTHORIZED_POINT_IN_TIME_SOURCE_NOT_LOADED
2015-03-03,retrospective-samplefirms:2015-03-03,8,RAVENPACK,ln_Story_Count_Relevant,point-in-time source coverage receipt plus required covariate facts,EXTERNAL_DATA_REQUIRED,AUTHORIZED_POINT_IN_TIME_SOURCE_NOT_LOADED
2015-03-03,retrospective-samplefirms:2015-03-03,8,MARKIT,DCBS,point-in-time source coverage receipt plus required covariate facts,EXTERNAL_DATA_REQUIRED,AUTHORIZED_POINT_IN_TIME_SOURCE_NOT_LOADED
2015-03-03,retrospective-samplefirms:2015-03-03,8,OPTIONMETRICS,,point-in-time source coverage receipt plus required covariate facts,EXTERNAL_DATA_REQUIRED,AUTHORIZED_POINT_IN_TIME_SOURCE_NOT_LOADED
2015-03-03,retrospective-samplefirms:2015-03-03,8,THOMSON_REUTERS_13F,IO,point-in-time source coverage receipt plus required covariate facts,EXTERNAL_DATA_REQUIRED,AUTHORIZED_POINT_IN_TIME_SOURCE_NOT_LOADED
2015-03-10,retrospective-samplefirms:2015-03-10,11,CRSP,lnMCAP|Beta_SPY|invPRC,point-in-time source coverage receipt plus required covariate facts,EXTERNAL_DATA_REQUIRED,AUTHORIZED_POINT_IN_TIME_SOURCE_NOT_LOADED
2015-03-10,retrospective-samplefirms:2015-03-10,11,IBES,lnnumest,point-in-time source coverage receipt plus required covariate facts,EXTERNAL_DATA_REQUIRED,AUTHORIZED_POINT_IN_TIME_SOURCE_NOT_LOADED
2015-03-10,retrospective-samplefirms:2015-03-10,11,TAQ,,point-in-time source coverage receipt plus required covariate facts,EXTERNAL_DATA_REQUIRED,AUTHORIZED_POINT_IN_TIME_SOURCE_NOT_LOADED
2015-03-10,retrospective-samplefirms:2015-03-10,11,RAVENPACK,ln_Story_Count_Relevant,point-in-time source coverage receipt plus required covariate facts,EXTERNAL_DATA_REQUIRED,AUTHORIZED_POINT_IN_TIME_SOURCE_NOT_LOADED
2015-03-10,retrospective-samplefirms:2015-03-10,11,MARKIT,DCBS,point-in-time source coverage receipt plus required covariate facts,EXTERNAL_DATA_REQUIRED,AUTHORIZED_POINT_IN_TIME_SOURCE_NOT_LOADED
2015-03-10,retrospective-samplefirms:2015-03-10,11,OPTIONMETRICS,,point-in-time source coverage receipt plus required covariate facts,EXTERNAL_DATA_REQUIRED,AUTHORIZED_POINT_IN_TIME_SOURCE_NOT_LOADED
2015-03-10,retrospective-samplefirms:2015-03-10,11,THOMSON_REUTERS_13F,IO,point-in-time source coverage receipt plus required covariate facts,EXTERNAL_DATA_REQUIRED,AUTHORIZED_POINT_IN_TIME_SOURCE_NOT_LOADED
2015-03-19,retrospective-samplefirms:2015-03-19,5,CRSP,lnMCAP|Beta_SPY|invPRC,point-in-time source coverage receipt plus required covariate facts,EXTERNAL_DATA_REQUIRED,AUTHORIZED_POINT_IN_TIME_SOURCE_NOT_LOADED
2015-03-19,retrospective-samplefirms:2015-03-19,5,IBES,lnnumest,point-in-time source coverage receipt plus required covariate facts,EXTERNAL_DATA_REQUIRED,AUTHORIZED_POINT_IN_TIME_SOURCE_NOT_LOADED
2015-03-19,retrospective-samplefirms:2015-03-19,5,TAQ,,point-in-time source coverage receipt plus required covariate facts,EXTERNAL_DATA_REQUIRED,AUTHORIZED_POINT_IN_TIME_SOURCE_NOT_LOADED
2015-03-19,retrospective-samplefirms:2015-03-19,5,RAVENPACK,ln_Story_Count_Relevant,point-in-time source coverage receipt plus required covariate facts,EXTERNAL_DATA_REQUIRED,AUTHORIZED_POINT_IN_TIME_SOURCE_NOT_LOADED
2015-03-19,retrospective-samplefirms:2015-03-19,5,MARKIT,DCBS,point-in-time source coverage receipt plus required covariate facts,EXTERNAL_DATA_REQUIRED,AUTHORIZED_POINT_IN_TIME_SOURCE_NOT_LOADED
2015-03-19,retrospective-samplefirms:2015-03-19,5,OPTIONMETRICS,,point-in-time source coverage receipt plus required covariate facts,EXTERNAL_DATA_REQUIRED,AUTHORIZED_POINT_IN_TIME_SOURCE_NOT_LOADED
2015-03-19,retrospective-samplefirms:2015-03-19,5,THOMSON_REUTERS_13F,IO,point-in-time source coverage receipt plus required covariate facts,EXTERNAL_DATA_REQUIRED,AUTHORIZED_POINT_IN_TIME_SOURCE_NOT_LOADED
2015-03-25,retrospective-samplefirms:2015-03-25,3,CRSP,lnMCAP|Beta_SPY|invPRC,point-in-time source coverage receipt plus required covariate facts,EXTERNAL_DATA_REQUIRED,AUTHORIZED_POINT_IN_TIME_SOURCE_NOT_LOADED
2015-03-25,retrospective-samplefirms:2015-03-25,3,IBES,lnnumest,point-in-time source coverage receipt plus required covariate facts,EXTERNAL_DATA_REQUIRED,AUTHORIZED_POINT_IN_TIME_SOURCE_NOT_LOADED
2015-03-25,retrospective-samplefirms:2015-03-25,3,TAQ,,point-in-time source coverage receipt plus required covariate facts,EXTERNAL_DATA_REQUIRED,AUTHORIZED_POINT_IN_TIME_SOURCE_NOT_LOADED
2015-03-25,retrospective-samplefirms:2015-03-25,3,RAVENPACK,ln_Story_Count_Relevant,point-in-time source coverage receipt plus required covariate facts,EXTERNAL_DATA_REQUIRED,AUTHORIZED_POINT_IN_TIME_SOURCE_NOT_LOADED
2015-03-25,retrospective-samplefirms:2015-03-25,3,MARKIT,DCBS,point-in-time source coverage receipt plus required covariate facts,EXTERNAL_DATA_REQUIRED,AUTHORIZED_POINT_IN_TIME_SOURCE_NOT_LOADED
2015-03-25,retrospective-samplefirms:2015-03-25,3,OPTIONMETRICS,,point-in-time source coverage receipt plus required covariate facts,EXTERNAL_DATA_REQUIRED,AUTHORIZED_POINT_IN_TIME_SOURCE_NOT_LOADED
2015-03-25,retrospective-samplefirms:2015-03-25,3,THOMSON_REUTERS_13F,IO,point-in-time source coverage receipt plus required covariate facts,EXTERNAL_DATA_REQUIRED,AUTHORIZED_POINT_IN_TIME_SOURCE_NOT_LOADED
2015-03-26,retrospective-samplefirms:2015-03-26,3,CRSP,lnMCAP|Beta_SPY|invPRC,point-in-time source coverage receipt plus required covariate facts,EXTERNAL_DATA_REQUIRED,AUTHORIZED_POINT_IN_TIME_SOURCE_NOT_LOADED
2015-03-26,retrospective-samplefirms:2015-03-26,3,IBES,lnnumest,point-in-time source coverage receipt plus required covariate facts,EXTERNAL_DATA_REQUIRED,AUTHORIZED_POINT_IN_TIME_SOURCE_NOT_LOADED
2015-03-26,retrospective-samplefirms:2015-03-26,3,TAQ,,point-in-time source coverage receipt plus required covariate facts,EXTERNAL_DATA_REQUIRED,AUTHORIZED_POINT_IN_TIME_SOURCE_NOT_LOADED
2015-03-26,retrospective-samplefirms:2015-03-26,3,RAVENPACK,ln_Story_Count_Relevant,point-in-time source coverage receipt plus required covariate facts,EXTERNAL_DATA_REQUIRED,AUTHORIZED_POINT_IN_TIME_SOURCE_NOT_LOADED
2015-03-26,retrospective-samplefirms:2015-03-26,3,MARKIT,DCBS,point-in-time source coverage receipt plus required covariate facts,EXTERNAL_DATA_REQUIRED,AUTHORIZED_POINT_IN_TIME_SOURCE_NOT_LOADED
2015-03-26,retrospective-samplefirms:2015-03-26,3,OPTIONMETRICS,,point-in-time source coverage receipt plus required covariate facts,EXTERNAL_DATA_REQUIRED,AUTHORIZED_POINT_IN_TIME_SOURCE_NOT_LOADED
2015-03-26,retrospective-samplefirms:2015-03-26,3,THOMSON_REUTERS_13F,IO,point-in-time source coverage receipt plus required covariate facts,EXTERNAL_DATA_REQUIRED,AUTHORIZED_POINT_IN_TIME_SOURCE_NOT_LOADED
2015-03-31,retrospective-samplefirms:2015-03-31,1,CRSP,lnMCAP|Beta_SPY|invPRC,point-in-time source coverage receipt plus required covariate facts,EXTERNAL_DATA_REQUIRED,AUTHORIZED_POINT_IN_TIME_SOURCE_NOT_LOADED
2015-03-31,retrospective-samplefirms:2015-03-31,1,IBES,lnnumest,point-in-time source coverage receipt plus required covariate facts,EXTERNAL_DATA_REQUIRED,AUTHORIZED_POINT_IN_TIME_SOURCE_NOT_LOADED
2015-03-31,retrospective-samplefirms:2015-03-31,1,TAQ,,point-in-time source coverage receipt plus required covariate facts,EXTERNAL_DATA_REQUIRED,AUTHORIZED_POINT_IN_TIME_SOURCE_NOT_LOADED
2015-03-31,retrospective-samplefirms:2015-03-31,1,RAVENPACK,ln_Story_Count_Relevant,point-in-time source coverage receipt plus required covariate facts,EXTERNAL_DATA_REQUIRED,AUTHORIZED_POINT_IN_TIME_SOURCE_NOT_LOADED
2015-03-31,retrospective-samplefirms:2015-03-31,1,MARKIT,DCBS,point-in-time source coverage receipt plus required covariate facts,EXTERNAL_DATA_REQUIRED,AUTHORIZED_POINT_IN_TIME_SOURCE_NOT_LOADED
2015-03-31,retrospective-samplefirms:2015-03-31,1,OPTIONMETRICS,,point-in-time source coverage receipt plus required covariate facts,EXTERNAL_DATA_REQUIRED,AUTHORIZED_POINT_IN_TIME_SOURCE_NOT_LOADED
2015-03-31,retrospective-samplefirms:2015-03-31,1,THOMSON_REUTERS_13F,IO,point-in-time source coverage receipt plus required covariate facts,EXTERNAL_DATA_REQUIRED,AUTHORIZED_POINT_IN_TIME_SOURCE_NOT_LOADED
2015-04-16,retrospective-samplefirms:2015-04-16,14,CRSP,lnMCAP|Beta_SPY|invPRC,point-in-time source coverage receipt plus required covariate facts,EXTERNAL_DATA_REQUIRED,AUTHORIZED_POINT_IN_TIME_SOURCE_NOT_LOADED
2015-04-16,retrospective-samplefirms:2015-04-16,14,IBES,lnnumest,point-in-time source coverage receipt plus required covariate facts,EXTERNAL_DATA_REQUIRED,AUTHORIZED_POINT_IN_TIME_SOURCE_NOT_LOADED
2015-04-16,retrospective-samplefirms:2015-04-16,14,TAQ,,point-in-time source coverage receipt plus required covariate facts,EXTERNAL_DATA_REQUIRED,AUTHORIZED_POINT_IN_TIME_SOURCE_NOT_LOADED
2015-04-16,retrospective-samplefirms:2015-04-16,14,RAVENPACK,ln_Story_Count_Relevant,point-in-time source coverage receipt plus required covariate facts,EXTERNAL_DATA_REQUIRED,AUTHORIZED_POINT_IN_TIME_SOURCE_NOT_LOADED
2015-04-16,retrospective-samplefirms:2015-04-16,14,MARKIT,DCBS,point-in-time source coverage receipt plus required covariate facts,EXTERNAL_DATA_REQUIRED,AUTHORIZED_POINT_IN_TIME_SOURCE_NOT_LOADED
2015-04-16,retrospective-samplefirms:2015-04-16,14,OPTIONMETRICS,,point-in-time source coverage receipt plus required covariate facts,EXTERNAL_DATA_REQUIRED,AUTHORIZED_POINT_IN_TIME_SOURCE_NOT_LOADED
2015-04-16,retrospective-samplefirms:2015-04-16,14,THOMSON_REUTERS_13F,IO,point-in-time source coverage receipt plus required covariate facts,EXTERNAL_DATA_REQUIRED,AUTHORIZED_POINT_IN_TIME_SOURCE_NOT_LOADED
2015-04-21,retrospective-samplefirms:2015-04-21,34,CRSP,lnMCAP|Beta_SPY|invPRC,point-in-time source coverage receipt plus required covariate facts,EXTERNAL_DATA_REQUIRED,AUTHORIZED_POINT_IN_TIME_SOURCE_NOT_LOADED
2015-04-21,retrospective-samplefirms:2015-04-21,34,IBES,lnnumest,point-in-time source coverage receipt plus required covariate facts,EXTERNAL_DATA_REQUIRED,AUTHORIZED_POINT_IN_TIME_SOURCE_NOT_LOADED
2015-04-21,retrospective-samplefirms:2015-04-21,34,TAQ,,point-in-time source coverage receipt plus required covariate facts,EXTERNAL_DATA_REQUIRED,AUTHORIZED_POINT_IN_TIME_SOURCE_NOT_LOADED
2015-04-21,retrospective-samplefirms:2015-04-21,34,RAVENPACK,ln_Story_Count_Relevant,point-in-time source coverage receipt plus required covariate facts,EXTERNAL_DATA_REQUIRED,AUTHORIZED_POINT_IN_TIME_SOURCE_NOT_LOADED
2015-04-21,retrospective-samplefirms:2015-04-21,34,MARKIT,DCBS,point-in-time source coverage receipt plus required covariate facts,EXTERNAL_DATA_REQUIRED,AUTHORIZED_POINT_IN_TIME_SOURCE_NOT_LOADED
2015-04-21,retrospective-samplefirms:2015-04-21,34,OPTIONMETRICS,,point-in-time source coverage receipt plus required covariate facts,EXTERNAL_DATA_REQUIRED,AUTHORIZED_POINT_IN_TIME_SOURCE_NOT_LOADED
2015-04-21,retrospective-samplefirms:2015-04-21,34,THOMSON_REUTERS_13F,IO,point-in-time source coverage receipt plus required covariate facts,EXTERNAL_DATA_REQUIRED,AUTHORIZED_POINT_IN_TIME_SOURCE_NOT_LOADED
2015-04-22,retrospective-samplefirms:2015-04-22,42,CRSP,lnMCAP|Beta_SPY|invPRC,point-in-time source coverage receipt plus required covariate facts,EXTERNAL_DATA_REQUIRED,AUTHORIZED_POINT_IN_TIME_SOURCE_NOT_LOADED
2015-04-22,retrospective-samplefirms:2015-04-22,42,IBES,lnnumest,point-in-time source coverage receipt plus required covariate facts,EXTERNAL_DATA_REQUIRED,AUTHORIZED_POINT_IN_TIME_SOURCE_NOT_LOADED
2015-04-22,retrospective-samplefirms:2015-04-22,42,TAQ,,point-in-time source coverage receipt plus required covariate facts,EXTERNAL_DATA_REQUIRED,AUTHORIZED_POINT_IN_TIME_SOURCE_NOT_LOADED
2015-04-22,retrospective-samplefirms:2015-04-22,42,RAVENPACK,ln_Story_Count_Relevant,point-in-time source coverage receipt plus required covariate facts,EXTERNAL_DATA_REQUIRED,AUTHORIZED_POINT_IN_TIME_SOURCE_NOT_LOADED
2015-04-22,retrospective-samplefirms:2015-04-22,42,MARKIT,DCBS,point-in-time source coverage receipt plus required covariate facts,EXTERNAL_DATA_REQUIRED,AUTHORIZED_POINT_IN_TIME_SOURCE_NOT_LOADED
2015-04-22,retrospective-samplefirms:2015-04-22,42,OPTIONMETRICS,,point-in-time source coverage receipt plus required covariate facts,EXTERNAL_DATA_REQUIRED,AUTHORIZED_POINT_IN_TIME_SOURCE_NOT_LOADED
2015-04-22,retrospective-samplefirms:2015-04-22,42,THOMSON_REUTERS_13F,IO,point-in-time source coverage receipt plus required covariate facts,EXTERNAL_DATA_REQUIRED,AUTHORIZED_POINT_IN_TIME_SOURCE_NOT_LOADED
2015-04-27,retrospective-samplefirms:2015-04-27,20,CRSP,lnMCAP|Beta_SPY|invPRC,point-in-time source coverage receipt plus required covariate facts,EXTERNAL_DATA_REQUIRED,AUTHORIZED_POINT_IN_TIME_SOURCE_NOT_LOADED
2015-04-27,retrospective-samplefirms:2015-04-27,20,IBES,lnnumest,point-in-time source coverage receipt plus required covariate facts,EXTERNAL_DATA_REQUIRED,AUTHORIZED_POINT_IN_TIME_SOURCE_NOT_LOADED
2015-04-27,retrospective-samplefirms:2015-04-27,20,TAQ,,point-in-time source coverage receipt plus required covariate facts,EXTERNAL_DATA_REQUIRED,AUTHORIZED_POINT_IN_TIME_SOURCE_NOT_LOADED
2015-04-27,retrospective-samplefirms:2015-04-27,20,RAVENPACK,ln_Story_Count_Relevant,point-in-time source coverage receipt plus required covariate facts,EXTERNAL_DATA_REQUIRED,AUTHORIZED_POINT_IN_TIME_SOURCE_NOT_LOADED
2015-04-27,retrospective-samplefirms:2015-04-27,20,MARKIT,DCBS,point-in-time source coverage receipt plus required covariate facts,EXTERNAL_DATA_REQUIRED,AUTHORIZED_POINT_IN_TIME_SOURCE_NOT_LOADED
2015-04-27,retrospective-samplefirms:2015-04-27,20,OPTIONMETRICS,,point-in-time source coverage receipt plus required covariate facts,EXTERNAL_DATA_REQUIRED,AUTHORIZED_POINT_IN_TIME_SOURCE_NOT_LOADED
2015-04-27,retrospective-samplefirms:2015-04-27,20,THOMSON_REUTERS_13F,IO,point-in-time source coverage receipt plus required covariate facts,EXTERNAL_DATA_REQUIRED,AUTHORIZED_POINT_IN_TIME_SOURCE_NOT_LOADED
2015-04-28,retrospective-samplefirms:2015-04-28,64,CRSP,lnMCAP|Beta_SPY|invPRC,point-in-time source coverage receipt plus required covariate facts,EXTERNAL_DATA_REQUIRED,AUTHORIZED_POINT_IN_TIME_SOURCE_NOT_LOADED
2015-04-28,retrospective-samplefirms:2015-04-28,64,IBES,lnnumest,point-in-time source coverage receipt plus required covariate facts,EXTERNAL_DATA_REQUIRED,AUTHORIZED_POINT_IN_TIME_SOURCE_NOT_LOADED
2015-04-28,retrospective-samplefirms:2015-04-28,64,TAQ,,point-in-time source coverage receipt plus required covariate facts,EXTERNAL_DATA_REQUIRED,AUTHORIZED_POINT_IN_TIME_SOURCE_NOT_LOADED
2015-04-28,retrospective-samplefirms:2015-04-28,64,RAVENPACK,ln_Story_Count_Relevant,point-in-time source coverage receipt plus required covariate facts,EXTERNAL_DATA_REQUIRED,AUTHORIZED_POINT_IN_TIME_SOURCE_NOT_LOADED
2015-04-28,retrospective-samplefirms:2015-04-28,64,MARKIT,DCBS,point-in-time source coverage receipt plus required covariate facts,EXTERNAL_DATA_REQUIRED,AUTHORIZED_POINT_IN_TIME_SOURCE_NOT_LOADED
2015-04-28,retrospective-samplefirms:2015-04-28,64,OPTIONMETRICS,,point-in-time source coverage receipt plus required covariate facts,EXTERNAL_DATA_REQUIRED,AUTHORIZED_POINT_IN_TIME_SOURCE_NOT_LOADED
2015-04-28,retrospective-samplefirms:2015-04-28,64,THOMSON_REUTERS_13F,IO,point-in-time source coverage receipt plus required covariate facts,EXTERNAL_DATA_REQUIRED,AUTHORIZED_POINT_IN_TIME_SOURCE_NOT_LOADED
2015-04-29,retrospective-samplefirms:2015-04-29,71,CRSP,lnMCAP|Beta_SPY|invPRC,point-in-time source coverage receipt plus required covariate facts,EXTERNAL_DATA_REQUIRED,AUTHORIZED_POINT_IN_TIME_SOURCE_NOT_LOADED
2015-04-29,retrospective-samplefirms:2015-04-29,71,IBES,lnnumest,point-in-time source coverage receipt plus required covariate facts,EXTERNAL_DATA_REQUIRED,AUTHORIZED_POINT_IN_TIME_SOURCE_NOT_LOADED
2015-04-29,retrospective-samplefirms:2015-04-29,71,TAQ,,point-in-time source coverage receipt plus required covariate facts,EXTERNAL_DATA_REQUIRED,AUTHORIZED_POINT_IN_TIME_SOURCE_NOT_LOADED
2015-04-29,retrospective-samplefirms:2015-04-29,71,RAVENPACK,ln_Story_Count_Relevant,point-in-time source coverage receipt plus required covariate facts,EXTERNAL_DATA_REQUIRED,AUTHORIZED_POINT_IN_TIME_SOURCE_NOT_LOADED
2015-04-29,retrospective-samplefirms:2015-04-29,71,MARKIT,DCBS,point-in-time source coverage receipt plus required covariate facts,EXTERNAL_DATA_REQUIRED,AUTHORIZED_POINT_IN_TIME_SOURCE_NOT_LOADED
2015-04-29,retrospective-samplefirms:2015-04-29,71,OPTIONMETRICS,,point-in-time source coverage receipt plus required covariate facts,EXTERNAL_DATA_REQUIRED,AUTHORIZED_POINT_IN_TIME_SOURCE_NOT_LOADED
2015-04-29,retrospective-samplefirms:2015-04-29,71,THOMSON_REUTERS_13F,IO,point-in-time source coverage receipt plus required covariate facts,EXTERNAL_DATA_REQUIRED,AUTHORIZED_POINT_IN_TIME_SOURCE_NOT_LOADED
2015-04-30,retrospective-samplefirms:2015-04-30,95,CRSP,lnMCAP|Beta_SPY|invPRC,point-in-time source coverage receipt plus required covariate facts,EXTERNAL_DATA_REQUIRED,AUTHORIZED_POINT_IN_TIME_SOURCE_NOT_LOADED
2015-04-30,retrospective-samplefirms:2015-04-30,95,IBES,lnnumest,point-in-time source coverage receipt plus required covariate facts,EXTERNAL_DATA_REQUIRED,AUTHORIZED_POINT_IN_TIME_SOURCE_NOT_LOADED
2015-04-30,retrospective-samplefirms:2015-04-30,95,TAQ,,point-in-time source coverage receipt plus required covariate facts,EXTERNAL_DATA_REQUIRED,AUTHORIZED_POINT_IN_TIME_SOURCE_NOT_LOADED
2015-04-30,retrospective-samplefirms:2015-04-30,95,RAVENPACK,ln_Story_Count_Relevant,point-in-time source coverage receipt plus required covariate facts,EXTERNAL_DATA_REQUIRED,AUTHORIZED_POINT_IN_TIME_SOURCE_NOT_LOADED
2015-04-30,retrospective-samplefirms:2015-04-30,95,MARKIT,DCBS,point-in-time source coverage receipt plus required covariate facts,EXTERNAL_DATA_REQUIRED,AUTHORIZED_POINT_IN_TIME_SOURCE_NOT_LOADED
2015-04-30,retrospective-samplefirms:2015-04-30,95,OPTIONMETRICS,,point-in-time source coverage receipt plus required covariate facts,EXTERNAL_DATA_REQUIRED,AUTHORIZED_POINT_IN_TIME_SOURCE_NOT_LOADED
2015-04-30,retrospective-samplefirms:2015-04-30,95,THOMSON_REUTERS_13F,IO,point-in-time source coverage receipt plus required covariate facts,EXTERNAL_DATA_REQUIRED,AUTHORIZED_POINT_IN_TIME_SOURCE_NOT_LOADED
2015-05-04,retrospective-samplefirms:2015-05-04,40,CRSP,lnMCAP|Beta_SPY|invPRC,point-in-time source coverage receipt plus required covariate facts,EXTERNAL_DATA_REQUIRED,AUTHORIZED_POINT_IN_TIME_SOURCE_NOT_LOADED
2015-05-04,retrospective-samplefirms:2015-05-04,40,IBES,lnnumest,point-in-time source coverage receipt plus required covariate facts,EXTERNAL_DATA_REQUIRED,AUTHORIZED_POINT_IN_TIME_SOURCE_NOT_LOADED
2015-05-04,retrospective-samplefirms:2015-05-04,40,TAQ,,point-in-time source coverage receipt plus required covariate facts,EXTERNAL_DATA_REQUIRED,AUTHORIZED_POINT_IN_TIME_SOURCE_NOT_LOADED
2015-05-04,retrospective-samplefirms:2015-05-04,40,RAVENPACK,ln_Story_Count_Relevant,point-in-time source coverage receipt plus required covariate facts,EXTERNAL_DATA_REQUIRED,AUTHORIZED_POINT_IN_TIME_SOURCE_NOT_LOADED
2015-05-04,retrospective-samplefirms:2015-05-04,40,MARKIT,DCBS,point-in-time source coverage receipt plus required covariate facts,EXTERNAL_DATA_REQUIRED,AUTHORIZED_POINT_IN_TIME_SOURCE_NOT_LOADED
2015-05-04,retrospective-samplefirms:2015-05-04,40,OPTIONMETRICS,,point-in-time source coverage receipt plus required covariate facts,EXTERNAL_DATA_REQUIRED,AUTHORIZED_POINT_IN_TIME_SOURCE_NOT_LOADED
2015-05-04,retrospective-samplefirms:2015-05-04,40,THOMSON_REUTERS_13F,IO,point-in-time source coverage receipt plus required covariate facts,EXTERNAL_DATA_REQUIRED,AUTHORIZED_POINT_IN_TIME_SOURCE_NOT_LOADED
2015-05-05,retrospective-samplefirms:2015-05-05,65,CRSP,lnMCAP|Beta_SPY|invPRC,point-in-time source coverage receipt plus required covariate facts,EXTERNAL_DATA_REQUIRED,AUTHORIZED_POINT_IN_TIME_SOURCE_NOT_LOADED
2015-05-05,retrospective-samplefirms:2015-05-05,65,IBES,lnnumest,point-in-time source coverage receipt plus required covariate facts,EXTERNAL_DATA_REQUIRED,AUTHORIZED_POINT_IN_TIME_SOURCE_NOT_LOADED
2015-05-05,retrospective-samplefirms:2015-05-05,65,TAQ,,point-in-time source coverage receipt plus required covariate facts,EXTERNAL_DATA_REQUIRED,AUTHORIZED_POINT_IN_TIME_SOURCE_NOT_LOADED
2015-05-05,retrospective-samplefirms:2015-05-05,65,RAVENPACK,ln_Story_Count_Relevant,point-in-time source coverage receipt plus required covariate facts,EXTERNAL_DATA_REQUIRED,AUTHORIZED_POINT_IN_TIME_SOURCE_NOT_LOADED
2015-05-05,retrospective-samplefirms:2015-05-05,65,MARKIT,DCBS,point-in-time source coverage receipt plus required covariate facts,EXTERNAL_DATA_REQUIRED,AUTHORIZED_POINT_IN_TIME_SOURCE_NOT_LOADED
2015-05-05,retrospective-samplefirms:2015-05-05,65,OPTIONMETRICS,,point-in-time source coverage receipt plus required covariate facts,EXTERNAL_DATA_REQUIRED,AUTHORIZED_POINT_IN_TIME_SOURCE_NOT_LOADED
2015-05-05,retrospective-samplefirms:2015-05-05,65,THOMSON_REUTERS_13F,IO,point-in-time source coverage receipt plus required covariate facts,EXTERNAL_DATA_REQUIRED,AUTHORIZED_POINT_IN_TIME_SOURCE_NOT_LOADED
2015-05-06,retrospective-samplefirms:2015-05-06,73,CRSP,lnMCAP|Beta_SPY|invPRC,point-in-time source coverage receipt plus required covariate facts,EXTERNAL_DATA_REQUIRED,AUTHORIZED_POINT_IN_TIME_SOURCE_NOT_LOADED
2015-05-06,retrospective-samplefirms:2015-05-06,73,IBES,lnnumest,point-in-time source coverage receipt plus required covariate facts,EXTERNAL_DATA_REQUIRED,AUTHORIZED_POINT_IN_TIME_SOURCE_NOT_LOADED
2015-05-06,retrospective-samplefirms:2015-05-06,73,TAQ,,point-in-time source coverage receipt plus required covariate facts,EXTERNAL_DATA_REQUIRED,AUTHORIZED_POINT_IN_TIME_SOURCE_NOT_LOADED
2015-05-06,retrospective-samplefirms:2015-05-06,73,RAVENPACK,ln_Story_Count_Relevant,point-in-time source coverage receipt plus required covariate facts,EXTERNAL_DATA_REQUIRED,AUTHORIZED_POINT_IN_TIME_SOURCE_NOT_LOADED
2015-05-06,retrospective-samplefirms:2015-05-06,73,MARKIT,DCBS,point-in-time source coverage receipt plus required covariate facts,EXTERNAL_DATA_REQUIRED,AUTHORIZED_POINT_IN_TIME_SOURCE_NOT_LOADED
2015-05-06,retrospective-samplefirms:2015-05-06,73,OPTIONMETRICS,,point-in-time source coverage receipt plus required covariate facts,EXTERNAL_DATA_REQUIRED,AUTHORIZED_POINT_IN_TIME_SOURCE_NOT_LOADED
2015-05-06,retrospective-samplefirms:2015-05-06,73,THOMSON_REUTERS_13F,IO,point-in-time source coverage receipt plus required covariate facts,EXTERNAL_DATA_REQUIRED,AUTHORIZED_POINT_IN_TIME_SOURCE_NOT_LOADED
2015-05-19,retrospective-samplefirms:2015-05-19,4,CRSP,lnMCAP|Beta_SPY|invPRC,point-in-time source coverage receipt plus required covariate facts,EXTERNAL_DATA_REQUIRED,AUTHORIZED_POINT_IN_TIME_SOURCE_NOT_LOADED
2015-05-19,retrospective-samplefirms:2015-05-19,4,IBES,lnnumest,point-in-time source coverage receipt plus required covariate facts,EXTERNAL_DATA_REQUIRED,AUTHORIZED_POINT_IN_TIME_SOURCE_NOT_LOADED
2015-05-19,retrospective-samplefirms:2015-05-19,4,TAQ,,point-in-time source coverage receipt plus required covariate facts,EXTERNAL_DATA_REQUIRED,AUTHORIZED_POINT_IN_TIME_SOURCE_NOT_LOADED
2015-05-19,retrospective-samplefirms:2015-05-19,4,RAVENPACK,ln_Story_Count_Relevant,point-in-time source coverage receipt plus required covariate facts,EXTERNAL_DATA_REQUIRED,AUTHORIZED_POINT_IN_TIME_SOURCE_NOT_LOADED
2015-05-19,retrospective-samplefirms:2015-05-19,4,MARKIT,DCBS,point-in-time source coverage receipt plus required covariate facts,EXTERNAL_DATA_REQUIRED,AUTHORIZED_POINT_IN_TIME_SOURCE_NOT_LOADED
2015-05-19,retrospective-samplefirms:2015-05-19,4,OPTIONMETRICS,,point-in-time source coverage receipt plus required covariate facts,EXTERNAL_DATA_REQUIRED,AUTHORIZED_POINT_IN_TIME_SOURCE_NOT_LOADED
2015-05-19,retrospective-samplefirms:2015-05-19,4,THOMSON_REUTERS_13F,IO,point-in-time source coverage receipt plus required covariate facts,EXTERNAL_DATA_REQUIRED,AUTHORIZED_POINT_IN_TIME_SOURCE_NOT_LOADED
2015-05-20,retrospective-samplefirms:2015-05-20,8,CRSP,lnMCAP|Beta_SPY|invPRC,point-in-time source coverage receipt plus required covariate facts,EXTERNAL_DATA_REQUIRED,AUTHORIZED_POINT_IN_TIME_SOURCE_NOT_LOADED
2015-05-20,retrospective-samplefirms:2015-05-20,8,IBES,lnnumest,point-in-time source coverage receipt plus required covariate facts,EXTERNAL_DATA_REQUIRED,AUTHORIZED_POINT_IN_TIME_SOURCE_NOT_LOADED
2015-05-20,retrospective-samplefirms:2015-05-20,8,TAQ,,point-in-time source coverage receipt plus required covariate facts,EXTERNAL_DATA_REQUIRED,AUTHORIZED_POINT_IN_TIME_SOURCE_NOT_LOADED
2015-05-20,retrospective-samplefirms:2015-05-20,8,RAVENPACK,ln_Story_Count_Relevant,point-in-time source coverage receipt plus required covariate facts,EXTERNAL_DATA_REQUIRED,AUTHORIZED_POINT_IN_TIME_SOURCE_NOT_LOADED
2015-05-20,retrospective-samplefirms:2015-05-20,8,MARKIT,DCBS,point-in-time source coverage receipt plus required covariate facts,EXTERNAL_DATA_REQUIRED,AUTHORIZED_POINT_IN_TIME_SOURCE_NOT_LOADED
2015-05-20,retrospective-samplefirms:2015-05-20,8,OPTIONMETRICS,,point-in-time source coverage receipt plus required covariate facts,EXTERNAL_DATA_REQUIRED,AUTHORIZED_POINT_IN_TIME_SOURCE_NOT_LOADED
2015-05-20,retrospective-samplefirms:2015-05-20,8,THOMSON_REUTERS_13F,IO,point-in-time source coverage receipt plus required covariate facts,EXTERNAL_DATA_REQUIRED,AUTHORIZED_POINT_IN_TIME_SOURCE_NOT_LOADED
